instance_index,original_test_index,predicted_probability,SHAP_status,SHAP_duration,SHAP_credit_history,SHAP_purpose,SHAP_amount,SHAP_savings,SHAP_employment_duration,SHAP_installment_rate,SHAP_other_debtors,SHAP_present_residence,SHAP_property,SHAP_other_installment_plans,SHAP_housing,SHAP_number_credits,SHAP_job,SHAP_people_liable,SHAP_telephone
0,155,0.31,0.10115372247178894,-0.0928747922806588,0.0035851764142345406,-0.040255313607348596,-0.0034169951906077183,0.01669235937646442,-0.006802253584940488,-0.09309783103936053,0.003794738519740661,-0.026527395376825948,-0.02248980231182139,-0.017691566688211664,0.009435302912833631,-0.00829730563537745,0.0005526276452335699,-0.0031307784048135324,-0.008497312143631398
1,768,0.35,0.07630518601990485,-0.04169631849703862,-0.07577733529589663,-0.03694264642380946,-0.047880562306913586,0.02814631557669421,-0.0007473568953442949,-0.03422973892165212,-0.0034263716894308645,-0.01666262323868092,-0.023086960972783954,-0.024180426066554538,0.03257040077756648,0.022863725729552076,-0.009473631571796998,0.0019899586479856833,0.004360966204898409
2,438,0.58,0.1029194827458161,0.09582694666443758,-0.05594410945127511,0.0052777424431873525,-0.0300255867554073,0.03883973063374752,-0.0006128393907260434,0.007323777309172303,-0.02422483508777444,-0.015465609778462426,-0.018119485762049296,-0.012765082155267914,-0.020267731056235236,0.0004477884582303379,0.010311827409202126,-0.005357352319194798,0.003967917169299205
3,555,0.36,0.07684648571458352,-0.06196253861353227,0.0015238943745530457,-0.04846737427916787,-0.007369368933945041,0.016334869563464936,0.01652375238052904,-0.021932984545403503,0.00479383994140067,-0.06740605892314504,-0.026758694455771687,0.01235071823164408,-0.021124518034969047,-0.0073111617408125554,-0.0050074508346139406,-0.0013135820559378108,0.0024127532878216126
4,99,0.27,0.007501167492140905,-0.01760592099871526,-0.027768906114175464,-0.03934096582887644,-0.000924097189964378,-0.1161702166025212,-0.032318510543174264,0.003207445905286727,-0.0021958200128592382,-0.015926294791688028,-0.012611445749054791,0.058269057013915604,-0.0035416520098502545,0.0034204705048244744,-0.017907440892106812,-0.0013265814069925261,-0.012627707699490164
5,89,0.51,0.1325904690296539,-0.05769851618980882,0.11565339353202216,-0.014888392266725678,-0.055507981152338716,0.032261831005542814,-0.038307083585365824,0.007587854038688352,0.008096903931200196,-0.002472394794765439,-0.08022776167971021,-0.018806159408750706,-0.012058476951470262,-0.0006442469850835458,0.0033189870581188494,-0.0050448914247766844,-0.001720953079730939
6,29,0.84,0.15373244313834963,0.11005531262739898,-0.0333775658394272,-0.015225201155193163,0.024173380090585603,0.05392542798683944,0.005109523129674069,0.009445489508311589,-0.0015685810397418302,0.005298250468588117,0.05958367068762596,-0.01087577956630812,-0.008337535000560236,0.0020037878850808124,-0.0027583119214341853,-0.0008635457072852365,-0.008188184215805097
7,466,0.63,0.1380148201284962,0.042017673177753165,-0.03180966447534262,-0.02166927725136732,-0.058131081557109096,0.03624750340510677,0.03746301719017186,0.011018914317183723,0.004040202436277717,0.0012194679243722009,-0.009334417389658707,-0.012799773066664272,0.01819690394151172,-0.005204021540147906,0.004774614335012563,-0.0025048889933517986,-0.019407411505545015
8,566,0.41,0.09991370678490319,-0.0741959776258072,0.010386665283132401,0.06709378627051171,-0.021171385576268346,0.019517006631436507,-0.04463031776847268,-0.08603088871424283,0.0028669060156052114,-0.009512898398702233,-0.010803816149565998,-0.02180477747437524,-0.010565722251756279,-0.005788101626151194,0.0003692150962308769,0.005214342519771989,-0.00872516193955271
9,929,0.5,0.12784125197176827,-0.07086985790141148,-0.03482699439289177,0.052827075476585196,-0.0076571018356571445,0.017615761074229696,-0.011779279634527497,0.028490257382091135,0.0031753940326989293,0.012739114462617367,-0.03671909361419336,-0.022194985486264633,-0.010083639925712836,-0.0007621615680190388,-0.02332691365135587,-0.024989208687559522,0.002652963374300814
10,983,0.34,0.09941766398975925,0.021541761740427174,0.007605986663865376,-0.05701411286114046,0.013005367105353277,0.02126539937007138,-0.0285076393201419,-0.06308082628272166,0.0006495669041558963,-0.024681153688163156,-0.037886270327621624,-0.015974246897170266,-0.007629483341184053,-0.01523212705206044,-0.00817687121796087,-0.04482435493868588,-0.01834607877008253
11,958,0.55,0.1262805618000577,0.012660225719513316,0.02360017897630839,0.06585336870960597,-0.10810932803132499,0.04495128884445999,-0.028164768788469983,0.010102946260047095,0.0016861565579827243,-0.017481710265399814,-0.033007101045310454,-0.010496311169917569,-0.0139517346561077,-0.009005741186851914,-0.008972582192810517,-0.0006448729008723045,-0.0031679955542109517
12,444,0.43,0.06460612696242066,0.10705385967323398,-0.08572732930509896,-0.03001852823530278,0.004173122428516863,0.03794901055561559,-0.01937118942277182,-0.04045958482289242,-0.008161136965306265,-0.008295490481122065,-0.019630860152451617,-0.020288252867543623,-0.008654807299775332,-0.011221297829342697,-0.02082804468633701,0.0008427569060399235,-0.009835773381183705
13,672,0.35,-0.23177383753491204,0.0424871865984089,0.006029189777433045,0.02078015465886192,0.10811997334060662,0.020002952029414916,-0.028628895867978822,-0.00824250087126799,-0.003803829950452305,-0.0008068423089477607,-0.015399758026790885,-0.02790043415088547,-0.010880111516187905,-0.012442921441069931,0.0044893752185311405,0.001062334757204177,-0.010959453635268943
14,622,0.26,-0.10629982163915778,0.035500140255786725,0.0016759299095846468,-0.006741184331939294,-0.06298607199850464,-0.11912838841324337,-0.00950655817369667,0.0017460852867254473,-0.0021574292115890373,0.004234821589483233,-0.014796298436043694,0.07811992773416154,-0.013868535854575844,-0.011836577362384786,-0.005540788734756304,-0.0066508983132273405,0.0003682287700765124
15,416,0.38,0.08423297360138161,-0.0878166571192319,0.010300335270239725,0.029201137369435977,-0.09013490828839074,0.03389499700034819,0.002760927130076225,0.016384375969867023,0.0023443186682906136,-0.01530399007265502,-0.03169496387044112,-0.012661466556794461,-0.008309250425630615,-0.007068517170623035,-0.008672670298248355,-0.03529374646141608,-3.031366951398585e-05
16,143,0.3,0.1058248787910722,0.007819125438934727,-0.0040058567810570544,-0.0474870154613071,-0.09849417995658277,0.032887199631679416,-0.029529227806678316,-0.071532490751324,0.005005726037057094,0.0024679507227786867,-0.046363199139307365,-0.014612780191820964,-0.01064819817357632,-0.014758538458558724,-0.004882010712252676,-0.004465476592270257,-0.005093325520086594
17,782,0.45,0.07173583441499219,-0.0502585891493937,0.10876928224307557,-0.025247903209666626,-0.03160287252568447,0.029807498032378497,-0.011561670490115875,-0.04167790530002608,0.006410637301817919,-0.004082641254252053,-0.04516002874433755,-0.01191115259181602,-0.007401077339008493,-0.005759944679603861,-0.015068987506086762,-0.003622594073815407,-0.01123530405175749
18,112,0.47,0.04822502709647604,-0.007067246904188558,0.013242402409233446,0.056525352090979405,-0.050694413223562024,0.039861262718064214,-0.04775399397466706,0.02137419386072275,-0.001952040605862878,-0.011184280196782592,-0.03736594370830335,-0.021742588907350535,0.004126202009055915,-0.009285309273573626,-0.016821639829590496,0.002400370028836022,-0.009754772512787297
19,339,0.43,0.09885882663163888,-0.11567536070263512,0.013995769220475273,-0.019307867953026296,-0.06382339870877832,0.03983111535321431,0.005162282060102211,0.004695317300129791,0.005258754431062713,0.003485895128665785,-0.00575634834745463,-0.01696574251483907,-0.007810653081341388,0.0007105724552937017,-0.009933838505401861,-0.0038167748050810055,0.0032240331146736485
20,645,0.39,-0.09732763098839173,0.034768490349363176,-0.0185639000578657,0.016400209188335155,0.07755696216269771,-0.14315007672221156,0.062445198209572915,-0.0034109637105389596,-0.0034586079733483783,-0.016727447027005023,-0.010087978905274048,-0.01956567143421767,0.028685573402947643,0.00908960104724157,-0.01005142101831107,-8.748339771633857e-05,-0.014382272048578244
21,624,0.56,0.1411078310614467,-0.044157304219368955,0.0032724953046208644,-0.021351885491587674,-0.08431627844486764,0.0370223300796239,-0.004993378880539387,0.005254384827609789,0.006674734870986308,-0.005375264027589952,0.04059515153273293,-0.013385474079433085,0.004368494597164176,0.011255619858672503,0.003717084678940813,-0.013349676125184038,-0.0042062844665267255
22,188,0.37,0.11298155269715003,-0.0503715573523651,0.009515786676163245,-0.06280455118502448,-0.0034408228680500082,-0.021458498605253982,-0.03725776270156471,0.007734304636357697,0.0074995619231731795,-0.03562300827495588,-0.01451783241444636,-0.014776036843420666,-0.017836623312057667,-0.004502722385354641,0.0017666732911950577,-0.005995011754267443,0.0012191295494210844
23,938,0.81,0.09214553490862631,0.12465394239636768,0.006621585981359277,0.003273272604374988,-0.013171282434853836,0.051610186932445616,-0.009367972754949381,0.006825030653169405,0.00013972670106135373,0.006702624151275614,0.060609207873548204,-0.011531925744713619,0.004585921026444766,-0.006946085190488468,0.000452294687193975,-0.0029942112818324607,-0.0014752694323302991
24,878,0.35,0.09989438452102815,-0.10699386302476925,0.002503876018115699,0.020086491605303052,-0.05705717574688668,0.014239053086716195,-0.02014446976217139,-0.003309643983590479,0.002565699944629247,-0.00468212578828998,0.03404369958300503,-0.010263351007285997,-0.014535617621565576,-0.007014632958036925,-0.06476247503205788,-0.006072666247849867,-0.026364602509594385
25,706,0.55,0.074317762219509,0.08491664817920039,0.023833197903012044,0.015160648989377615,-0.009672919347743418,-0.002119133760704481,-0.05688548650310298,0.0033809081864735317,-0.006350139953423558,-0.0075205501827071836,-0.011781181743707115,-0.014242616240406323,-0.007718825094163247,-0.01059346359228783,-0.012233017573135743,0.0019259154455426104,-0.012285165855034667
26,369,0.27,0.03749175638301621,-0.011679560692117905,-0.006838678374399304,-0.03568265101314595,-0.06476367898787025,0.037470468928148586,-0.06339039292644359,-0.04596404466107408,-0.0008239963330935738,-0.00963887234783789,-0.02302934781790487,-0.017366520361989976,0.013766472355638848,-0.02292293784327058,-0.0030042278012278713,-0.0023438918813886754,-0.009147315548340066
27,569,0.82,0.15507029807970815,0.13496891187065937,0.026667191327311945,0.0005749310683044053,0.010923016423975671,0.04813335417578609,-0.015782367248963074,0.007877167275167584,0.002646566079798829,-0.009599264526675741,-0.023248122803496744,-0.00685027274838864,-0.0058762066878880114,-0.0027844541859339857,0.002900039245037542,0.0009500854087205626,-0.004438291676424214
28,790,0.29,0.044620184970290785,-0.002633487452303134,-0.01096972240042341,-0.0481044663800385,-0.029890234549062582,0.02552279740681643,-0.0320287266250397,-0.032583403802611585,0.004433563514265444,-0.03386958338274559,-0.03308448432471415,-0.02553645306627978,-0.015161087878056962,-0.008607394733442512,-0.003001637132435397,0.0010518667338958003,-0.008025149821416324
29,489,0.25,-0.09683500979411311,-0.11072723609580472,0.015183222676704584,0.028474362467745682,-0.06126869762225787,0.0029760764489492383,-0.01699068385596556,-0.011244086982966962,0.014883824760623802,-0.00637896864613779,-0.004105789464868298,-0.019858555598326146,0.026890378981378228,-0.014473202818155857,-0.008873907302548787,0.00335936723810986,0.011121486684332833
30,108,0.38,0.10203452603533888,-0.013916128162561957,0.020745051919439334,-0.032396398958030474,0.030675317829218667,-0.1498438546326218,-0.012012120993043237,-0.028814639857609355,0.0007221954325003727,-0.012382639437519771,-0.005446828560459922,-0.007364271995046808,-0.006666416184282933,-0.006290831669404853,0.0012024877578347456,-0.002032695391272947,0.003919827944221109
31,875,0.35,0.07179174721300742,-0.07959052409194284,-0.08230576631717576,0.05461011405353427,0.009620302508958147,-0.058514263346517284,0.0028473446058171815,0.011608518533378168,-0.005336667353388818,-0.031041917039641997,0.005012284648188663,-0.021945052604639404,-0.014543080950435728,-0.009756605872101927,0.0005360230604095832,-0.004508596524613347,0.00364872055386268
32,443,0.29,-0.21240881164343262,-0.03647405164352929,0.0041866598742999386,-0.014684285687822173,-0.008977147409105393,0.0040237955395955715,-0.03380390538986548,0.007915313978433843,-0.0005719824168588679,-0.01716105625925456,-0.014054579456963225,0.08523867812165344,-0.011215868022752925,0.0027808316024478343,0.0036565467134918126,0.02995740169506656,0.0037250414812941457
33,60,0.25,0.048061133543723496,-0.08830467820829427,0.005474940699613734,-0.052250564220246556,-0.04298819436874922,0.0046684032475382675,-0.0072984808355861415,-0.00938677870045622,0.004699739593348214,-0.03676832430410331,-0.025964423126220982,-0.001724230841174139,-0.012922326792972576,-0.00788602118751242,-0.0050308522881129785,-0.0007388323617489946,-0.019507928772346708
34,536,0.26,0.0893179402992302,-0.14799154775603604,-0.0008137068660018173,0.02395579887060772,-0.030883014474951443,-0.04519784885193095,-0.006026742975066216,-0.005802429291261354,-0.0003267925007675358,-0.01855973432060509,-0.01769160284817193,-0.013436184468769055,-0.006734995768949773,-0.0026599792183243935,-0.023125450684071604,0.0002940334068590338,-0.032185161475091054
35,166,0.65,0.14537784328917583,0.007446716501218051,0.017305722500083314,-0.03737351919844441,-0.003024068915109883,0.036335539826200886,0.014866512941642991,-0.0012313119241131483,0.00985690165678184,0.0036851885329512533,-0.005986728557474253,-0.014393579322255363,-0.00865637338665303,-0.005295757602347822,-0.004475492415412337,-0.004852806094378677,0.0025477932448332487
36,887,0.85,0.08311811320887534,0.11828850882952024,0.023416021232104182,-0.012240515106688986,0.14329282094363074,0.05707473616659226,-0.003541498888646344,-0.026126102888346905,0.0006283978295278362,-0.0008885615721542513,-0.011575363091375992,-0.010886596814140314,-0.004633869977569933,-0.0036646399613366764,-0.0021893235628386767,-0.0012197222317639688,0.003280176961310958
37,585,0.41,0.09037545695823059,-0.0023150955391664898,-0.01089261856616066,-0.03310995139547093,-0.052811073418846215,0.04126344088806464,-0.008368632381238804,-0.08761984430493079,0.005036895870441079,-0.008185709554798231,-0.01578350814764108,0.022153462190088246,0.0006255083079796684,-0.021175798177360934,0.0021885642524379157,-0.0011078221761048758,-0.00814069372882499
38,804,0.25,0.025770102566504464,-0.024440192255614713,0.004031131304387652,0.02442998226916245,-0.01298969180369039,-0.08671359097531095,0.0004617831591332227,-0.03878394134296484,-0.002492699243951636,-0.007556193413010824,-0.05552165615410727,-0.017073866722159534,-0.005255878596141407,-0.00936663426389637,-0.02420970802365579,0.002090519260564635,-0.020246884688549318
39,501,0.58,0.11827128424219108,0.03680371435831503,0.005828686764277545,-0.04648566442197234,-0.012694106097240464,0.022328671154074695,-0.006805643441442288,-0.0661143722315454,0.002118267070130701,0.0024372617517227735,0.07066908046718162,-0.01006100533070994,0.010908801726573578,-0.01334753898893026,-0.002249516913667095,-0.012224842942608328,-0.01725049608965246
40,319,0.28,0.09241994176496873,-0.05713749648408297,-0.029137310315073515,-0.024362366312071688,-0.07198378253648607,0.03156622766240555,0.0036319147619418824,-0.060478185392983774,-0.0002769167845325003,-0.024764236154695755,-0.018643280094990878,-0.01726215758698554,-0.019667587603766645,0.014425140542352022,-0.024819152206427036,-0.0021215423193964916,-0.009256629863476246
41,287,0.43,0.0415867882837689,0.09358091496550201,-0.04706859526035646,-0.03179447566227488,-0.009836113867032467,0.012224624443459928,-0.04512170741500005,-0.03082104042813729,-0.0036758103607459993,-0.004479644993699912,0.011788437067248483,-0.012134132639546841,-0.0024023114215476135,-0.008583970568635219,-0.01990282557539157,-0.004070509728009807,-0.007157045762901978
42,192,0.32,0.06145019316408354,-0.006156216264326697,0.005727572501057164,-0.058464380959528814,-0.10756259096511148,0.036011947840593056,-0.02930794905765622,0.01500716549039127,0.0025577728777482793,-0.00010459940318316053,-0.03750699009852401,-0.01387393716636861,-0.022695317780138162,-0.013262965100356855,-0.006383099651026466,-0.0036446296816410513,0.0003406053306867468
43,835,0.81,0.1386083974089553,-0.0379656595412927,0.10479574438028448,0.05834658659143476,0.011033137746500504,0.025903909733484932,-0.016517903947632417,0.01680444602598947,0.006476730016245648,-0.01756402631768688,0.0021583036031932647,0.038024492704255834,-0.016494218528847675,-0.0047545929730677785,0.0021312512593169757,-0.005474123540719186,0.006620106456284995
44,931,0.3,0.0751315778353265,-0.12095266448849856,0.004294247113071773,-0.03806453473569858,-0.09036535690952181,0.02708853537233006,0.01912387820370314,-0.01319134478689327,0.0036401309341462696,0.009074559504148256,-0.009571861041840058,-0.008847922126078163,-0.009147067137967922,-0.006742748156261032,-0.0069445949536971075,-0.0032217641825389443,-0.029170489367029317
45,141,0.63,0.07492149218789593,0.0571925712884086,0.005473460232438333,-0.020854919671673706,-0.00877169478068769,0.030991271916945447,0.01641161734890971,0.003081735065047619,0.0037706275817494975,-0.0457928163185332,0.06537206560647829,-0.005203702187845519,0.0004197829578533761,-0.005783506086817261,-0.034133440750055526,-0.002577782793793101,-0.002384180519622033
46,205,0.56,0.10364529662612662,-0.0040950719521739695,-0.09955111426629744,-0.04160194715018582,0.1239333964138726,0.017863228309104428,-0.0042946305749214896,0.0068749916762264355,-0.001549980787667166,-0.0047733635012244665,0.04934450752950661,-0.013973374676386012,-0.003249284710238988,-0.011981125171446906,-0.03339132836522592,-0.012315424333162637,-0.008752193989206687
47,146,0.27,0.10568695190766428,-0.15885943086947152,-0.11332819349161193,0.013522709704827511,-0.0363548605191299,0.013251036669591534,-0.0010977369858310654,-0.0336255112034611,-0.00042756243666101056,-0.01562801666510935,0.06492016211041111,-0.02031852647228215,-0.010395730083360923,-0.0102882822798149,-0.008765160287061795,-0.0016347147212566597,-0.014524553300743396
48,927,0.85,0.11869448663859543,0.06871874595781122,0.010066075576491775,-0.023688421363925426,0.08413491896523025,0.0522828869370619,-0.01969296499007014,0.011574748531073079,0.0033811606574338632,0.011982521035219776,0.06104006233980792,0.005543677701511819,-0.0010521062962649166,-0.006515361020672935,-0.0006335457781313922,-0.01032024829055279,-0.01338405552392025
49,972,0.56,0.07027348548637338,0.01597569812409303,0.07453898995067476,0.009181830264132123,-0.007372777759605384,0.023119570570253767,-0.034402038048588233,-0.06514146776381333,-0.024718333291018035,-0.016216124022101708,0.03057678740649047,-0.0091779744054648,0.012148026749350655,-0.0018798132026353125,-0.009082350808692997,-0.005321072638275466,-0.00036985553447355535
50,373,0.58,-0.08753790100260604,0.02232454604555523,-0.022874647483032577,0.06108673861309662,0.11974361442814259,-0.0842624863096235,-0.0132455659153368,-0.010843665033994799,-0.0020706424317951952,0.003229961071569041,0.017891165188314836,0.07595330079406766,0.020797564215492722,-0.003602069127722799,-0.009635100744048096,0.0009340607975976465,-0.005756292028977959
51,578,0.37,0.06230087237847737,0.06325206144288827,-0.1184542614421517,0.010799797259918658,-0.08545995787647145,0.03685702232397822,0.01627746362972998,0.00934594268337716,-0.0066215527919352875,-0.015674972782784576,-0.025404889679264683,-0.025338501889035893,-0.02906903042105423,-0.0006228379193268136,-0.013174511820896725,-0.005105762954806683,-0.001774299063942315
52,610,0.51,0.13295671529739175,-0.08736676493918775,0.013999004981467294,-0.02530005196105423,0.009254160815570225,-0.012681588702995737,0.018410062660117937,0.005582087988000323,0.00845287761166683,-0.0010114397691152845,-0.009740063667155026,-0.021625485410196956,-0.010560972450584268,-0.004076808280572191,-0.002305053823780228,-0.0046934881067706175,0.0028393888338942774
53,503,0.59,0.08640909331727877,0.00592646083820329,-0.0820230087749542,-0.03084225462879301,0.0033467113496465817,-0.006637241722601107,0.012207390514616315,0.006303307840160825,0.00395021531936184,-0.011898502018103363,0.050908980874254044,0.05454389524871137,-0.009618884204735107,-0.010565048082054386,-0.007238967057007075,0.01969396112186041,0.007666471140854064
54,809,0.54,0.06484084530386704,-0.02462206832105565,0.09877889039705137,0.02078725138432622,-0.04205925523756659,0.02906731089594393,0.010545726105706825,-0.03300752947052689,0.0032665160776518434,-0.024419796354066246,-0.046340690024084606,-0.013303162139705177,0.016351506250979773,0.0007907090071108726,-0.011453921637708173,-0.0010385880872479671,-0.006051163073977857
55,775,0.59,0.14251088028471165,0.034457965485001914,0.019750128946397737,0.0832569807158671,0.031031110741763547,-0.11110749208872567,0.006245483632233427,0.014840248080141243,-0.0001802093817317698,-0.04409869908526595,-0.07249912558101167,-0.017697500723242422,0.001465986702274948,-0.005861659353253062,0.005030846632542176,-0.0005077416487375391,0.005495377717733664
56,889,0.39,-0.06277238943529669,0.0021935303433399484,0.048716162065653774,-0.0383368359318958,0.027109136303692452,-0.10588930662307806,0.014733725854565336,0.005112755805519973,-0.0003276023419362874,-0.017513244630237648,-0.05115590610171332,0.06653264874713995,0.008702047063629119,0.011969868821726628,-0.0044975004829229505,-0.0034692440078612488,-0.008975264373626135
57,94,0.31,0.0720001359153008,-0.040544948676672764,0.006659656050312627,0.07878384709636732,-0.016984306259894562,-0.119876581534047,-0.015690197022988357,0.0006101699556972995,0.00043778515046965713,-0.04435734618612821,-0.04783966229676162,-0.02458208754058756,-0.011019935274630096,-0.0049160483904988495,0.00195005643795261,-0.002587418444839957,-0.019910537902351956
58,848,0.3,0.12026792675478515,-0.13070019368542374,0.011485375402488633,-0.03775485000595204,-0.022140818903717222,0.033050271178465644,-0.06646384428906056,0.009313122499743469,0.00710821089425637,-0.014603565824990021,-0.06005434865334716,-0.015462794396467956,-0.021498662602187118,-0.006557495963993507,0.0029991509274548056,-0.0004934224860441074,-0.006361479769312041
59,310,0.27,0.011626612796956023,0.04460224658597087,0.001338249181060506,-0.038091037657399365,-0.01771357997523687,-0.18898461405125672,-0.05137265846632568,0.002454184165573362,-0.0008717696241331625,-0.0009679515086260343,0.01018911176941201,0.023317219358743337,0.005093939596234868,-0.008771984946713031,-0.006855129652153977,-0.0012553699697973797,-0.011604886525609542
60,297,0.39,-0.1369654119933728,-0.04711654740929272,0.023402572546454736,0.06820566903147382,0.013937550411355151,-0.03128913562808071,-0.03816588714950989,-0.007145807559599152,0.04910941952447954,0.002554324366148269,0.01386752643903002,-0.02344839179188009,-0.00881231059814849,0.0021949052263813317,0.0039031893039157936,-0.004457294714994759,0.012358211072339701
61,587,0.26,0.04718245250355984,-0.06278129522159365,0.00590355278328965,-0.04458759753873683,-0.01256515434399816,0.017610143331558022,-0.009952798809747997,0.0033925920535642783,-0.12487349951660459,-0.026509536232739776,-0.006973181912866224,-0.006717629873056823,-0.01330677706947197,-0.0022644741822082527,0.0008519368260745247,-0.0021445062851865983,-0.00013164543513548803
62,9,0.41,0.06160362370736482,0.01779094563669602,-0.07800518918250822,0.00939011690083223,-0.02990383574683045,0.03079540512741754,-0.0110749665975541,0.009406884644109667,-0.007915486368161204,0.002379038679679296,-0.027346113982642802,-0.025985944719341868,-0.0124760708462828,0.004268311661364877,-0.02362851061248699,-0.0029887775152365923,-0.004176849709720392
63,853,0.86,0.12565478748099468,0.004951504973536072,0.11165515987991773,0.03192973412427372,-0.01589518462306147,0.03080866342752268,-0.024540086798483223,0.016407532497301133,0.00643174877466395,-0.007728200857787274,0.06320906183809821,-0.009358036813566839,0.002144904605618653,0.008771748307474802,0.0021416033469638155,0.005714503990805196,0.009833136922427954
64,450,0.27,-0.14389807322791592,0.017106981088051483,-0.04197325757421683,-0.04763889559768997,0.16930968683569478,-0.1102296691549084,-0.004464410106546988,0.008771914782355856,-0.003912272554377662,-0.008290142910696153,-0.013922589927109947,-0.020884545083877427,-0.017135852373697424,-0.007846159757188284,0.003882202645887611,-0.0022362879411743797,-0.004506048065891707
65,199,0.41,0.07994344123815124,-0.04169526725069152,-0.03850478871945514,-0.028700629958166447,-0.06706840597881963,0.03742640508848531,-0.015542707042381301,0.0068251109385720835,0.0022571309813193942,-0.0050836833881005095,0.048802985971251024,-0.014729949131893686,-0.010161042857710476,-0.005899828399912283,-0.017379677361936192,-0.008994939557473785,-0.009361573494538769
66,525,0.49,0.055955000129282374,0.009399823085361185,0.018713342615814376,-0.06218900344049117,0.03782492446548992,0.036128778272659236,0.026318901207606177,-0.037421311125050954,-0.0005856165018453126,-0.019044592015097728,-0.03098860194905037,-0.009215707852197656,-0.002686307183551031,0.005116813664167515,-0.012729088710734398,-0.0028637810346415007,-0.019600992551021754
67,979,0.68,0.08912261936880846,-0.011923844665186499,0.11399106701066758,0.05390915126253467,0.01906290406042099,-0.009146350441237459,-0.00310119390831054,-0.05070130582359701,0.0029629340009665966,0.0015018020283460037,-0.0004371430823988938,-0.012901087190707382,-0.0005999115575619034,-0.008513448301369025,-0.00041944024439536114,-0.0003165833274599712,-0.00035758811282041896
68,125,0.45,0.1348124419948291,-0.06107151509624143,-0.10103928158771043,0.04095530168785558,-0.06637231206217958,0.024147206978008966,-0.024755790520487087,0.011243240737360202,-0.007790803895275209,0.021467056500492614,-0.008108464895333463,-0.018595736661740636,-0.012565574858056542,0.0031811928749009375,0.006304222073485388,0.0031905058026095497,0.007130892004181266
69,67,0.52,0.0761363988278042,-0.018748922174780056,0.013601817979769525,0.09681798948487322,0.03640879785387423,-0.10180207299249744,0.010523487789360814,0.0015753707128960295,0.0029029897668099644,-0.007965121895981201,-0.05503819472421613,-0.02145057046768383,-0.010614768607145691,-0.0015104489343664021,0.0032585649937457916,-9.615482799850891e-05,-0.0018665817077649003
70,375,0.63,0.09219262681063235,0.10495513935687749,0.054522906701005375,-0.01396355566061378,0.013536964900582597,0.039708202779022504,-0.03806224711411656,-0.02230277761578894,-0.05648616622460275,0.006195079917015829,-0.014290784330942347,-0.00962584012855192,0.00884922284971592,-0.013500187337106187,-0.0035732481749906615,-0.003122571249276595,-0.012900184402163796
71,148,0.53,0.10744988842900564,0.026005395611150728,-0.05059592685731414,-0.05174404262253525,0.05305982388408052,0.034590932862668136,-0.028873203186552964,-0.0051800562809576544,-0.009421756426551898,0.0006103621771302698,-0.023831129847743607,-0.013421518961325886,-0.01718221760760031,0.013148797007172239,-0.00465199479152701,0.0010728572250943585,0.00109637046250574
72,248,0.37,-0.06248958041413545,0.01950579330428152,0.004256043899749212,-0.031825650052617734,-0.013028945417242848,0.037440960472450276,-0.009799641050619541,-0.023666174649807768,-0.003570329095009092,-0.005444795237559962,0.014791893782630064,-0.020754883671912715,-0.005028671384044947,-0.008965700219195329,-0.022169668764497587,-0.007246216003601245,0.010128145577832039
73,51,0.34,0.06805988660860156,-0.011416155792251487,-0.04383800957547479,-0.06337257197392696,-0.01978001730589048,0.03548877137054989,-0.015742691550354893,-0.031346780695624216,-0.005819930001751611,-0.005373966985902538,-0.02686212642009109,-0.020331394242072767,-0.011746250060758886,0.007743933439785365,-0.0071818542277638465,-0.003852334311608052,-0.002495927198766103
74,885,0.59,0.12617250593829574,-0.07765654324239893,0.01492031740363714,0.012115779640861628,-0.0033314819148325355,0.03667397310202033,0.021498377052907792,0.016092554768896178,0.009381346406777517,-0.02175971961815355,-0.010570367442152001,-0.01902724183099945,-0.01151742755757858,-0.0028559001433708276,0.0014907383519265547,-0.005501391702138592,0.006007061863003002
75,461,0.39,0.10071306370623959,-0.07539320017054393,0.007818945126633918,0.021336473101761764,-0.06457409063948791,0.028210648153665824,0.01245470782640208,-0.06068858476065088,0.0035937082004635777,-0.017349188446984718,-0.03245852544342061,-0.016384305081865662,-0.005968310355275314,-0.0067556913045756515,-0.0022630302070497724,0.0031988992767562354,-0.003358937905369633
76,72,0.36,0.08198231371349544,-0.11125375586682645,-0.08005683398138559,-0.021337179575408538,-0.05797269062256952,0.008526885915343287,-0.0031025380251043593,-0.005077352576872873,0.00271099029226639,-0.006207586354389745,0.06222823368876603,0.02543903903970398,0.010850124737310918,0.0006203702443617596,-0.025895246947103972,-0.005601554817834333,-0.013720637787053229
77,581,0.28,0.02815364383318513,-0.06946456605253173,-0.08843611430605738,0.023701382101756575,-0.05582534452837337,0.022431495630934054,-0.010679800533913958,-0.06305714501921228,-0.001175508875048845,-0.0073161626869405905,-0.02937215319264396,0.07901595661767549,-0.010018643536484836,-0.0025846171214449656,-0.014169747431351245,-0.015341438618932364,-0.003728655203916723
78,739,0.56,0.05925428238071435,0.004108111001576591,0.10266837121554824,-0.03744564886945886,-0.05164717091789402,0.0028517582328766865,-0.016692528092403593,0.008459594692045594,-9.10095933510206e-05,-0.0007457325158056488,-0.028256282281997426,-0.009351482191439234,0.024459980477254388,0.01042728179597922,0.005269681023884786,-0.008573990786108607,-0.00256263449472255
79,226,0.43,0.0363494691223931,0.008622360075725002,0.019679308467239726,-0.015641343468889665,0.08345049826885087,-0.17303544062503806,-0.04388470637274532,-0.02669718002344095,0.012749199517373312,-0.010707676805649852,0.026847405226081207,0.02641213216462041,-0.01060615405832833,0.0024808456878582536,-0.00482489870621394,4.62896786474253e-05,0.000892472928216463
80,822,0.45,0.07831876765584195,0.042364040816049914,0.007301450691573749,-0.03406134832608408,-0.0855035493181099,0.025826755193274514,-0.025955879076094923,-0.052965722443299716,0.0030380742140580785,0.003137595055052169,-0.006189934575585429,0.05058060812853965,-0.011382848969856668,-0.012099710581781113,-0.0024040250776251673,-0.01933270202596073,-0.008538990283293059
81,720,0.34,-0.10174019895057952,-0.05293505784852438,0.10942810871617074,-0.03408634271239238,-0.04224349026880718,0.012096465032622213,0.03683754536146034,-0.009798103938687672,-0.004364380301030137,0.0068586458131806,-0.012648189621101473,-0.015404465875531877,-0.012285031950712596,0.010464300251005094,-0.020861521367347514,-0.008710603489879839,-0.01847509777314648
82,980,0.34,0.06265386484034116,-0.0021918046117491265,-0.08873519551249039,-0.02415423997582785,0.04615611595160289,0.03555312208186018,-0.04608642729415111,-0.037355523226169605,-0.007135788588760091,-0.0005081703889304266,-0.026169091657078078,-0.02093684898665628,-0.005631826440033757,-0.0064241714006360385,-0.013339820748891439,0.0001303597961720935,-0.02369197276190379
83,301,0.43,0.06937570501357462,0.015821470433906516,0.06607011996749769,-0.026091840287326543,-0.10239733619799193,0.045109193300155136,-0.011325391280674921,0.006144544884525162,0.0021887236613442286,-0.05898775054633416,-0.030116653390872966,-0.003602717966994883,-0.0213479236823289,-0.005387244350622943,-0.007048133870520094,-0.007432283952294331,0.0011600993416562213
84,359,0.48,0.13402742739592752,0.04262005436514519,0.0038235701172733404,-0.04032095912445467,-0.07617677995736882,0.048308541273918065,-0.0642820540756256,0.0125487707131088,0.0037015373576922235,-0.014050709086563154,-0.03148516668405949,-0.010770849218614048,0.005635595017270425,-0.023540761118797857,0.002121980712486339,-0.0013383211249480078,-0.008689295485690973
85,11,0.59,0.09553650558054601,0.12331658574398967,0.0050766379722850434,-0.048579134669490355,-0.06869407417550653,0.04721519920255297,0.01251760879180238,0.0021230915265176356,0.001239887929931429,-0.011409531484585832,-0.03462480518555258,-0.011418713382787864,0.011343363244523412,-0.017261283502645983,-0.0033373387283951346,-0.0018897406010335706,-0.009021677185452177
86,405,0.34,0.04612874364331294,0.008142985689619294,0.00568156751821544,-0.030163940757167784,-0.071240587726586,0.024236847933649143,0.023287183070583202,-0.025381870994760868,0.0052211799361080264,-0.04111768534749582,-0.02499267321188049,-0.00847131456859583,-0.017260676421202298,-0.011757975156398438,-0.011471221255932433,-0.0034869532545833263,-0.025221028020186064
87,307,0.58,0.1424348111561085,-0.07948478162692904,0.01789112704503936,-0.02328921989824056,-0.010602154888168543,0.0018985371447649934,0.014110127394916612,0.005252815618423337,0.007484563727914899,-0.008234541977874639,0.07794676687837988,-0.011705426687756324,-0.0001421389474164778,-0.0017056759997259383,0.00019812806834319162,-0.008592945416014786,-0.04132741051506186
88,262,0.36,0.0975084695827362,-0.033627343211646774,-0.11536420831284756,0.024157257186159253,-0.002931906204956966,0.01153065337618706,0.014024929155546798,-0.04616682802995085,-0.004814598450618589,-0.008265088472195849,0.019121384662193517,-0.024247641128274863,-0.01586425319819193,0.00028336569434477145,-0.03708460028765788,-0.00651222012410495,-0.009614791160022194
89,704,0.34,0.02594905771723323,0.001607041529910739,0.0014000732947802097,-0.04674092491896573,-0.07414326801719101,0.029844196278229682,0.0195942623302285,0.006796827611061067,0.005446925660928024,-0.04224721125480622,-0.02092649814862489,-0.008255905978577779,-0.021588481327044606,-0.006965684666644585,-0.017729290949327705,0.0034994379733230266,-0.013407976057812758
90,315,0.59,0.13296440189195996,0.034240493026331704,0.0699480119717072,-0.023993802147473427,-0.09846734335510716,0.04389347557311585,-0.042838800590124855,0.0075980308425150035,0.003363649724840277,-0.004980635709044502,-0.014528412553704888,0.028987167188522782,-0.018034403723259828,-0.012015356020641386,-0.005384946521322152,-0.007208376426097378,-0.001410572095517852
91,83,0.33,0.08108815401453859,0.021225264148220378,-0.007915470660316799,-0.02142489143711383,-0.04690779793448867,0.030517445325472806,-0.02937346714320681,0.0036584028658064836,-0.12075270192068392,-0.00912520311412365,-0.02455534634708463,-0.012705597425954708,-0.013652710464343725,-0.008362815662874098,-0.011620540033108672,-0.0008334865550931417,0.0028733434210526185
92,504,0.71,0.15195721060760178,0.032748163466953854,0.024982909303812195,0.038574184642193525,-0.023844503434262962,0.02721883002874065,0.008812732287844871,0.01023800297499425,0.0018241288506159925,-0.02465678103648081,-0.012908801849742203,-0.018050093132634674,0.011964074003781664,-0.011649415456322525,-0.0008419181643698025,-0.001054745756547546,-0.003181396259475926
93,320,0.42,0.0684753213890924,0.02139079798405535,-0.0766791777026158,0.015521046690887627,-0.07345002321676974,0.03030367477015515,0.003265754477322411,0.013549547464536408,-0.007703508270821843,0.007881053488909578,-0.027938462513248486,-0.02459763266286878,-0.014781155577929797,0.00796763614152863,-0.019558514297840585,-0.004076468826618578,0.0025626917389254635
94,376,0.33,-0.16852003053991796,0.01988404509447414,-0.010362688351361124,-0.02243821959605267,-0.030082177010147808,0.03076587194934785,0.07238092060064988,-0.006038905922929101,-0.006282240086757345,-0.016229432667263507,0.010290788074594498,-0.020530778439943,-0.013158882473879894,-0.002695323171412645,-0.0032456976413999038,-0.006180852819164832,0.004576184077862
95,731,0.4,0.09051339266527426,0.029394003144822965,-0.002770434824174584,-0.0037886548406573426,-0.02476170052781965,0.04230427731728918,-0.007060634218009433,-0.07840192108740639,0.006165787599858643,-0.0171759477611867,-0.03682314425561045,-0.010437805302511547,-0.013821669911454122,-0.013641801122532191,-0.019827207651691298,-0.03159129273321924,-0.006142665414278103
96,594,0.38,0.11592231299042921,-0.008356361137758547,0.05362820957596704,-0.06125893270014072,-0.01065664970425079,-0.11149913778263537,-0.01936990386858885,0.001200326238525037,0.002814947039187066,0.0007645526727928688,-0.009632261664428992,0.00366638405771633,-0.010610340740263702,-0.007949125600395809,-0.016002176661930156,-0.012219304441072975,-0.028309957196452226
