instance_index,original_test_index,predicted_probability,SHAP_Academic_degree,SHAP_Years_Experience,SHAP_Years_experience_lastorganization,SHAP_Sector,SHAP_MonthlySalary,SHAP_MedicalInsurance,SHAP_Bonus,SHAP_OverTime,SHAP_Payment_Overtime,SHAP_Rewards_Wages_Satisfaction,SHAP_Get_Deserved_Promotion,SHAP_Training_programs_During_last_three_years,SHAP_Useful_Training_Programs,SHAP_Business_Travel,SHAP_Job_Support,SHAP_Recognition,SHAP_Emotional_Commitment,SHAP_Job_Engagement,SHAP_Distance_to_work,SHAP_Work_Live_Balance,SHAP_Physical_Stress,SHAP_Psychological_Exhaustion,SHAP_Job_Stability,SHAP_Environment_Satisfaction,SHAP_Job_Satisfaction,SHAP_Job_Opportunities
0,983,0.92,-0.017663462001465884,0.12540783950622872,0.08130680900221535,-0.006626502048404311,0.015617373387024708,0.00831633072603674,-0.006934276490257068,-0.0020031178196232985,0.0052458279480028765,0.015388452594620558,0.01634292793424747,0.025251201061569205,-0.010717998405608746,0.0015338808631180196,0.011803912112970846,-0.00885825384776627,0.0144257444768183,0.010732262842455254,-0.0006796152220299031,0.0143474886415598,-0.0064509627298009005,0.014037631460955668,0.020198997127995423,-0.0011849810076997739,0.0021015934633081086,0.09855985981944988
1,1057,0.46,-0.006067567803049316,-0.10954496510672072,0.0416381934648143,0.04337525429683352,-0.01910823741170641,-0.028688549755664688,-0.010571131183430442,-0.0036673060134637687,-0.004428348463515384,-0.031437675695683856,0.026488924061531107,0.02849595621206517,0.017024632317342876,-0.0063124461477813455,0.0268505213624706,0.015805572396420928,-0.04281881292175227,-0.022221372628310056,-0.002505038326046543,-0.013238330705301398,-0.0006547353985052067,-0.008480381664929646,-0.014136808756502962,-0.011570339113112359,0.013630536348710172,0.08164142003120828
2,955,0.62,-0.006290077120279544,0.06868363648079855,-0.0811671243331811,-0.026320424934953412,0.0021953375449977326,0.009659774760355915,0.008812860487483984,0.0020280210261420877,-0.0008129102126675438,-0.022748307942147973,-0.06420011321654778,0.02751780308583274,0.014390237349793953,-0.002162429858706411,0.013566209638075562,-0.009544426967517788,0.0349125753509061,-0.008915657377280336,-0.0068411891087752415,-0.004818145770503327,0.01093357318574011,-0.01683542720576633,0.03129050768406319,0.004541228040611788,-0.0008678468991696716,0.14249127970861497
3,405,0.57,0.0003185009215693915,0.11568525977392116,0.10264214241729025,-0.012352332364244163,-0.007214151045657868,0.00159188843288861,0.0027470991004742767,0.0076981134648703535,-0.011695275067114147,-0.018428978523793643,0.035877476339515796,-0.1863786098355448,-0.010779043643713048,0.001420800016336215,0.006924485702109066,-0.0035863948726630865,-0.03540555707158162,0.0007495000173141957,-0.011003183493603724,-0.009886368379390099,-0.011059226058780337,0.004671646352063565,0.05175626733868723,-0.0073729289027238114,-0.004582238075806278,0.06716007085349678
4,305,0.85,0.0003031682290981116,0.11900156998220357,0.0828986719900354,0.044871439633873196,0.010064618341972443,-0.03316878217791267,-0.004459479807316794,0.003467520468960442,0.00946359968871206,0.01868283451719305,0.037000473138212295,0.025062991893066648,0.011444605018850666,-0.003306006709746728,0.006172267731809993,-0.011844185516290134,-0.036079008117671556,-0.004720664699850307,-0.004273717130669545,-0.011256406236885548,-0.007942914994175003,0.0035201631117842205,0.03394200685466219,-0.02176353963000098,-0.001452471388894011,0.08387020920489964
5,929,0.64,-0.006581352730048322,0.07038110441297835,-0.04509844378871087,-0.015028673931141255,0.0449687148671905,0.003993758172603707,0.0013456766039291832,0.0036639407573737124,-0.014381180938368876,-0.010301913017285667,-0.042004621320140746,0.07012781154915187,-0.008264501726489485,-0.000989369355441795,-0.0005408892929673638,-0.004989536358626777,-0.03860340584042142,-0.007895969850685082,-0.015477840636141363,0.0763838231033019,-0.0116812627796679,0.014587920726183121,-0.02679691221403541,-0.01278686624006472,-0.022586107243899287,0.13805506046734414
6,512,0.66,-0.0004816400046964997,-0.1375187662858394,0.03678316168191141,0.060465786459436344,-0.0024931537873431925,0.012878833276910986,0.0020834873962802636,-0.006052398030373709,0.007496723901974867,0.015345463053289725,-0.033294617661403736,0.03355383269888742,-0.021626479529901738,0.0004898277746121959,0.0060959694984016235,-0.012774799664205356,0.03268798405544382,-0.01936622190269411,0.007654278648750488,-0.0019344677045511456,0.016670256273084202,0.009938523688378666,0.004177940950997792,0.002835177299791282,0.009054894690274099,0.13682936661850414
7,984,0.75,0.00036821927179452475,0.08630368199393076,-0.06465547288368992,-0.028458237304324573,0.06251529779052342,0.008289679444171746,0.000598659902841447,-0.0034303179015016108,0.016580825467765122,-0.021232027428374094,0.015271964936259316,0.033558320228559764,-0.014450547622976229,-0.016168490352631185,0.006648397217489063,-0.0008089153996377346,0.022230954458597196,-0.005707731355774373,-0.01122691906310082,0.0028683921836705146,-0.015022674652000514,0.020122927110960285,0.026687754109625057,-0.0007667228053427177,0.0008726733895585881,0.1285092726595266
8,1166,0.62,-0.008076209520536429,-0.135864146025006,0.04559258168279918,0.0826748390910306,0.0005659837711065763,0.008642018839820784,0.007729111919740522,0.003797927388254371,0.010716648866996642,-0.034177661091148635,-0.03968855008624887,-0.015405999969851479,-0.022070748771302048,0.003886313866718827,0.025711918119152265,-0.012872392338076096,0.05598529493960241,-0.002599362646717409,-0.012673115512242577,-0.003957574879365454,0.012051775263132568,0.002881854410346492,-0.020543697298040182,0.006565083451926963,0.01199973639458216,0.14862733352924565
9,453,0.47,-0.00884142324428752,-0.1499747217838681,0.028915968742739457,-0.009880257148957952,-0.014229290789411252,-0.0164581433663491,-0.0007990530462243663,0.016136727094225006,0.007509520110324034,0.0114445614893058,0.024232108015676008,-0.00045850132439027744,-0.028264590788754654,-0.012878130805812472,0.00037205753199572874,-0.017126868723881836,0.018699362123422616,-0.008232577225076068,-0.005702883012448708,0.03733884426537511,-0.00774897210100816,0.009476314358025522,0.02467942489591811,-0.001627197193503964,0.02479283269086558,0.048123852632022235
10,801,0.63,-0.006835648101567005,0.06054047810068516,-0.074549598994746,-0.04047707842699237,-0.03172973710682562,-0.024019082441457094,-0.0037223835335416524,-0.0032362034149878032,-0.007489644968664367,0.01777765955715431,0.032958840916908025,0.036689437522759986,0.01747020843434969,-0.002056048732976031,0.0032088106916164285,0.0028952824609684673,-0.011332287727996946,-0.016870315191986902,-0.00395527751136309,0.015791912593443033,0.002741170917013827,0.013109133140482579,0.029111651065052965,0.01584853593321243,0.021461220229881874,0.08616792798549612
11,352,0.44,-0.006757655975069136,-0.14402097452595602,0.047094492299464684,0.04759229925804592,-0.002160133361667424,0.010747965275164051,-0.011232599813292296,0.0023616890598878136,0.010607480679470163,-0.030642365719231433,-0.03756001217465175,0.03994792725451939,-0.020253991421837824,-0.008353428508171671,0.01547584481768391,-0.016378247548220655,-0.060469663352594724,-0.014190795763078636,0.0031365791795123048,-0.011278277831111981,0.012948306215303766,0.005553701081728374,-0.01366867151562935,-0.0004533585666649445,0.008347768635489056,0.1131050857168288
12,935,0.7,-0.002561117332654931,-0.14867523628908366,0.035100018508394684,-0.012085022435706092,0.0069842111276463194,0.02210164236443127,-0.0016808551783412157,-0.00573553776074248,0.01365362116014809,0.029601473358812348,0.029034863926948824,0.033549706963135466,-0.020756746123440372,0.0041200234810964895,0.007941982913989174,-0.019949229477460778,0.024310944070620698,-0.014050827833978959,-0.008489316307747078,-0.0065436132137084695,0.02696994702798659,0.046743730977865335,0.028436239679807348,0.006332934313752871,0.0034228300158985147,0.12172229545824932
13,477,0.68,0.014870202857904552,0.09323588970082308,-0.03928456296923904,0.034336485241224735,0.029456658020019653,0.00422788653547336,0.005047942021412925,-9.813165841636238e-05,0.00032960608798804505,-0.019227915910938784,-0.03743198736396281,-0.12273680265369162,-0.003261772117314566,0.0011924610366628617,-0.015108616573294948,-0.00351863429716363,-0.014303184567993808,-0.007137548351145979,0.04857154575446694,0.04301072690318001,-0.003042227585879911,0.008375500107840267,0.02807138074296483,0.0037997226230316473,0.009898237659969295,0.12022610215199889
14,398,0.8,0.007110649764036492,0.12069387356121343,0.09163784671383189,-0.016831380360776915,-0.014334336350060045,0.010572858498980403,-0.002055650481671053,-0.010603101902218434,-0.009167847604563949,0.013255066763577326,0.02355674422094858,0.012935345187514786,0.01439128807976037,-0.000731309579644705,-0.0025671675251059296,-0.011924450098763147,0.013475158268690977,-0.004568856763371061,0.002260816323896185,0.01302190926686363,-0.001318956906722274,0.001950978275138586,0.0260526299972425,-0.004919390285499196,-0.03085328428887899,0.05845953062150113
15,160,0.66,-0.007734061564699117,-0.13387224793588223,0.04316402564319296,-0.02328356962483538,0.010124746545586956,0.024150391138923723,-0.010257859005482421,-0.0013830760256174554,0.011723569651850015,-0.02279683318353415,0.025097517649315778,0.010431192173865381,0.020985974608751456,-0.000665016936818864,0.008166583451193836,0.025742590438791353,0.022644753413718455,-0.018676436345819586,-0.001165340167955904,-0.0018698254095648392,-0.008582838389963444,0.030032915950756887,0.043300613876314495,0.0036675142137447656,-0.0016115210701007122,0.1121652003001876
16,603,0.52,-0.0006363862302946957,0.0718345189605352,-0.08297450042067366,0.04158101354406436,-0.0014739636723902238,0.007718158254895544,-0.0013786387120183477,-0.01260686791782735,-0.005870073502753716,0.03168667696700782,0.04433388893315366,-0.013054462458576612,-0.011689165185994745,0.0001248391082759742,0.019098299373588767,-0.017388624427350185,0.009608880150671085,0.025865725032435546,-0.0038626000865490747,-0.001750488358948764,0.02485882933073908,0.009743176994978767,0.021392204211920497,-0.0001121188171772999,0.012266387530723455,-0.14781574520651486
17,190,0.71,-0.001603403851668433,0.15498922978229457,0.11579001215774519,-0.03576170954703145,-0.00147246663898016,-0.01969752772148481,0.0018348728530732932,-0.010328583147097354,-0.00203796855577418,0.020274478804139774,0.03776667201613548,0.02799161146359283,-0.022649640546924255,-0.0006939923349565895,-0.003185259719147299,0.010859148870757547,0.010821702040858052,-0.04087196268779362,-0.00167080880519785,-0.0006450536656210487,-6.672006371630626e-05,0.015601357438402297,0.03140082613520769,-0.0053686052550549705,0.022579089451935663,-0.0943563350777735
18,1004,0.73,-0.008426356352281514,0.13841713928986465,0.08622335681651778,-0.024577881636800532,-0.009750399466804293,0.005900706169872581,-0.006405539577554355,0.0038256904601220174,-0.024884249180354187,0.01669615690244848,0.02795679814742197,0.03043187196102539,-0.01603678322024849,-0.0005860315362005819,0.004620425930526594,0.005704026664039382,-0.04988382685639975,0.0004970602129330497,0.010835301694895787,-0.007622477504960538,-0.0063374208917734145,-0.008261649708782454,-0.027682287110554895,-0.0037870255825102534,0.011604618585178694,0.08102773918629877
19,1007,0.47,0.01991089972576424,0.061437306570299,-0.07667141716597752,-0.02177654525047505,-0.04421076653695989,0.005742791197068766,0.003512220490257307,0.015586188506341733,-0.0136160378889602,-0.010075518960573343,0.026640413574848545,0.038041430397939634,-0.022232225019808406,-0.0014680985869925732,-0.007261120285121212,-0.00906013861944249,0.01597859615060224,-0.004996204429040001,-0.00692058016689342,-0.028511719311664446,-0.01418418471835349,0.0275646621582608,-0.033837739849715644,-0.02321563392253422,-0.01498734730755128,0.08810973264460066
20,285,0.6,-0.003630668372165358,0.1320178464578336,0.10603461153444774,-0.02453267051852373,-0.01730934144917123,0.009772642814195797,-0.009242223344721379,0.012342744256951995,-0.011417165208390668,0.020886395552091104,-0.05625948262098418,0.012638307925494375,-0.016165610954361767,-0.0011366245591977397,0.01907096147387155,-0.013190265101654337,0.024626260207320567,0.004259886670987471,0.0029231370648290017,-0.0062774354772860315,-0.012939576553571912,0.013227837030595152,0.03684883615897874,-0.01074252636870832,-0.013566374114146813,-0.09874053910879373
21,207,0.68,-0.006631399968972385,0.06412802960921524,-0.07645258069753735,0.04718068884380372,-0.02781306375158638,0.009232430975855032,-0.0035316000861582496,-0.010170090791698781,-0.014147174080911326,0.017344433703314097,0.035337834246109125,0.010179493029273765,0.012210071167412838,-0.002811522323577252,-0.0033930329943164983,0.013023160284499135,0.010698916018097755,-0.0048016894442635795,0.008646762280397811,-0.0021485692733503353,0.0022264163121791156,0.0037960827090613857,0.02602920795667131,0.02201077536564197,-0.05477289234151818,0.10412827664827817
22,347,0.9,-0.0014805322349486553,0.1382601683040739,0.07105325491138995,0.04897994782297602,0.021231251822870067,0.010637170569069335,-0.00017681435356475507,-0.004649412229564595,-0.0015365379376681121,0.015809186706256504,0.015845219424075446,0.02180610571900827,-0.014821107237667702,-0.00853385009300304,0.0052065733534278815,-0.007744959843949603,0.010205033649111827,-0.007482974096930298,-0.004186553589095582,0.007314273415514606,-0.007266022976558756,-0.014027159435154049,0.011919954947374687,-0.012543891139288476,0.008332240488800246,0.09734839742936491
23,1107,0.96,-0.00210893800050965,0.11726778463921508,0.056013024054404975,0.047551903704425,0.0011086350676442818,0.0056647172536242515,-0.0017826567455197155,0.00782850651530258,-0.0033557010700527444,0.017272318794206574,0.02830069600042012,0.02327352232145052,0.018356588322292405,-0.001222456697134654,0.004152458392205448,0.01105492253819753,0.012941924423732046,-0.003861028394573049,0.003610575024380279,-0.0027564740176813022,0.0008344009020848861,-0.006571778486258962,0.023168348483848678,-0.00016439341579367036,0.013991020785456307,0.08893104300055309
24,544,0.88,-0.016175349072235386,0.12546227826158465,0.07477120000092975,-0.018144379472827744,0.014246415452367484,0.008460832821899942,0.0011198918164543085,0.0018775407879986364,0.0054581892271155456,0.019190622940768006,0.015939405800857263,0.02729873588462946,-0.016138203068601177,-0.012460775862195071,0.009717809394757148,-0.009244876874907604,0.018222084132110836,0.013093556632661024,-0.005775397476462956,-0.003375790792463855,0.006354706643990595,0.012191730614472943,0.019284163047327243,0.0002848084069632738,-0.004216368432321381,0.09205613258104793
25,579,0.61,0.00808827033006501,0.06814838902564148,-0.06623189054073722,0.05078064065462098,-0.01478432598294906,0.006591536634910157,-0.000711277794486063,0.0021971545960292084,0.011662260297096487,-0.016629873406110184,-0.059288537353494784,0.07391555350638267,-0.008433913535243196,-0.013049555568770814,-0.02094089312157452,-0.0070644824103198965,-0.05903334787273826,0.034559076914311496,-0.006538435960730989,-0.005596819938004922,0.006901942799643041,0.013479131282923083,-0.025714523413157032,-0.00239218305443198,0.011922787911076035,0.12766227939596933
26,921,0.58,-0.00348655372802021,-0.1528604503315366,0.036035759592737956,-0.014756608907071806,0.008009791743743088,0.011908567875502043,0.003706257056452131,-0.006625505070872826,0.006619231189984103,-0.011147013212421097,0.025266152727856806,0.03176408962843185,-0.02432914477716118,0.00306255335428827,-0.009808427174194738,-0.020201586225709105,0.013225186970609244,0.024405123314048722,-0.004954457812143741,-0.002698857264411526,0.009222900366638814,0.011490277823383995,0.03474237254490102,-0.00012595607609724535,0.0024299838639258203,0.1086052759230561
27,860,0.51,-0.006858267639440854,-0.14811925686166266,0.03838341895428817,-0.01577605786371519,-0.004141093608607125,0.008433427790029355,0.0009735841219875675,0.02329307781273379,0.021367164407877524,-0.00019031243150224067,0.01654202028324776,0.017854563064090893,-0.025020313987472405,0.0012600092883005068,-0.004521380422597124,0.012935703039992752,0.011580229110805102,-0.013919208492963353,-0.008790026862403238,0.01436621880332627,-0.015612319928462829,-0.013418074379349209,0.016538248879555358,-0.0041594956333820396,0.02189209604677047,0.06460500990447313
28,1140,0.52,0.005431113051348992,0.0784731401684699,-0.07984434193775128,-0.02267890165583972,-0.05404178645864778,0.006332998033043161,-0.00022150064105848515,0.006870218892606387,-0.015510829242640956,0.014488212964954283,-0.056326800801295276,0.03691944821153621,-0.010655045105477262,-0.011171161620270107,0.0012360960186409693,-0.00828583805783516,0.014098410794739813,-0.002573672750761367,-0.009922778399518176,-0.002498293618818159,-0.010030710665367978,-0.002184694125417732,0.03212222665387879,0.0017787257630524547,-0.002024775309436641,0.10971950323378536
29,412,0.86,-0.0013583375277347223,0.117286371418847,0.07155715885334492,0.05739657533248177,-0.014272282919386464,-0.01310484550884018,-0.008233129031344929,0.0031225856064985265,-0.000629607781623975,0.008112538226361793,0.02424034617558634,0.01588259265740235,-0.014376923384909472,3.7500439422597834e-05,0.0015006967104197278,0.01632765809011726,0.01894051998521729,-0.0030634966417228604,-0.002954303548825234,-0.0071229520050864106,0.006088859442895935,-0.0022366255550964383,0.016216325816002564,0.0009730417378199724,-0.0012508983817696455,0.07041959518984252
30,438,0.76,0.0023382719567975347,0.12941050379830388,0.0854706514595136,-0.031164543333845232,-0.0007075531912169493,0.0031060581031986355,7.671406542242821e-05,-0.0029631284884159073,-0.019877174328410574,0.010846939702336003,0.02820508826735335,-0.006473445210624662,-0.01448420926354138,-0.01878528166274212,-0.025741350584487604,0.005365312156343718,0.024544741229575257,0.01596090994597866,-0.009550474171439576,-0.006334449436623268,-0.005594583364469709,-0.008342289995296825,0.023924276228152262,0.001081869047768734,-0.001822310092534861,0.08100842055882487
31,587,0.84,-0.0010745894083859827,0.07797486940226045,-0.050369628242863146,0.06169841217396684,0.016957337608166034,0.012119411424614469,0.004904793004961488,0.0010496073797045579,0.002443996775084024,0.036760449548658106,0.05221118512090081,0.04610630239963486,-0.012620457125067368,-0.009766374222180591,0.01573218244639884,-0.005517755855241556,-0.04416513527803369,0.018148481023168343,-0.007563657737790864,-0.0003250639618230403,0.008701065397561145,0.0049325530221340595,-0.03527676912361702,-0.002005804043928961,0.013631343354606678,0.13481220831303103
32,356,0.52,-0.0024782534319888532,0.10982199836960009,0.07668997124199992,-0.016972114957103955,-0.009101828777791124,0.00392667407022877,-0.001167431230836914,-0.0063911867609253836,-0.008570345171426007,0.013606790459753007,0.03762608925863844,0.023330775317081043,0.016670066263186394,-0.004325061353781113,-0.021425922345135233,-0.0039789354136524294,-0.0408907313399129,-0.02949854501364469,-0.005551918128280802,0.043918020653393515,-0.0026321181401470746,0.003465148170567151,-0.03748506794491425,-0.00811886406220222,-0.030442445614256096,-0.08052580072252967
33,997,0.61,-0.0034733971778444683,-0.126353857289125,0.03836261002126008,-0.014326088984988512,-0.013416262865320076,0.005551114750239571,0.0010933308732251634,0.020700478925935514,-0.008072117682660501,0.003196666268014725,0.019327336527326586,0.021390329161832956,-0.013389038744195187,0.002109357132075974,0.005496178993648256,0.022734545375453843,0.01126069439223908,0.024963818432758467,-0.006075794998662812,0.023783324718804698,-0.0004908481897591877,-0.011084253136086054,0.017804066984386024,0.0007911616442492221,0.017363979203485536,0.07025162905962559
34,941,0.79,-0.0019292632336020338,0.11355601895060521,0.07929242332857625,-0.02983823776375716,0.017559412757921423,0.010611092625214192,0.00312963020165289,-0.0009282561272244056,0.01944230550914963,-0.02245536102644385,-0.02500764436620373,0.0018755857408782447,-0.007052940445791198,-0.005021691567521362,0.011222921698730272,-0.0016115894443693719,0.024520427829942036,-0.0011898911945650602,-0.0009458695904521203,0.007923126318986486,0.0040958086876274145,-0.009765383708366925,-0.030732936683080664,-0.000879322175546465,0.004561100445144377,0.1290674966284166
35,1032,0.67,0.005352176447977063,-0.12495554467956335,0.0343620983986879,0.047279041073672236,-0.002156247490113513,-0.014411105264919578,0.01190157964543902,0.010691000486286125,-0.007496324602850267,-0.0032528952671678395,0.03143164469244842,0.030023522785245053,-0.021354300476424542,0.003948996157538062,0.0002989728471641606,-0.01477566097606779,0.032102760990306754,-0.01255436857919721,0.003162691981037254,0.0007757844184860374,-0.01599526160375865,0.009274853239618809,0.033531700934968635,-0.00036513937572980415,0.005281366933568362,0.127397620679269
36,386,0.47,-0.00023695975396917571,-0.15186926411660026,0.023836407568630605,0.048128189990369184,0.03905184413544636,0.009423829071330506,-0.0012332265255339933,0.002570081506652332,-0.01773602407242522,0.0029877955902762815,-0.02563561095489048,0.018863117025180853,-0.0218516248426525,-0.017648721260874443,0.004747762926984494,-0.02395915991250568,0.021435589289075685,-0.009505128343693714,-0.00231188474063666,-0.007806260670241642,-0.01182724986146384,-0.007546136830293611,-0.01999448044994662,-0.0022305800299458277,0.0026562934984118896,0.11719036515923599
37,893,0.45,-0.004982180481493879,-0.11712739976162873,0.026878447968311393,0.04751273498735952,-0.017873838450222033,0.005244389388489784,0.002899228676006528,0.011990805899136616,-0.02341973547038592,0.021177484136765595,0.03510100963630123,0.017368404446606586,-0.03863689798787286,-0.0012243074025861515,0.01136414272118958,0.018911801813674283,0.026529275806482264,0.049440108496438664,-0.0067512057770649685,-0.007238146026259776,0.012651998159615064,-0.001983833946625767,0.02082861597120609,0.0025776819505756773,-0.009476957285669007,-0.1322626640724294
38,206,0.48,-0.007766104443346632,0.050958381235187276,-0.08848496481670198,-0.03604976589403435,0.027581385778561326,-0.03939378818096528,-0.005029869725492504,-0.004856294167927867,0.005283284628776719,0.024596827699650083,0.010907628440912306,0.001792653951173226,-0.0018958518865299153,-0.009618360081166075,-0.019127458082055813,0.007691874629083262,0.022630310616157435,-0.009380131000986463,-0.006357278369184818,-0.00013805955062209314,-0.011909506696085474,0.0028212814521464866,-0.03454583045842138,-0.00436518033670454,-0.00034009842604373745,0.10449387708054106
39,99,0.46,0.004946352707289014,0.064443054947548,-0.07311781452304916,-0.019696866381845576,0.02760067883764719,0.00022915141285325164,0.0025488983931327373,-0.014261133284192904,0.010580655610403283,0.01403995455512421,0.03306977841029211,0.019786846401692395,-0.02082258822445747,-0.01261560648743712,0.006509967939183203,0.002772229429386079,0.013092679338337168,-0.01732394068981075,-0.0035447150557642824,0.023889016547506227,0.0003835665628194387,6.687131604568386e-05,0.014698775670339096,-0.00825992497131875,-0.0009736660300788798,-0.10854325903572377
40,62,0.58,0.003845636575734842,0.11258426597022157,0.09143174513811157,-0.027629671169583026,-0.005318294944139648,0.0003039077952289227,0.0016240062525012583,-0.018627547049661224,0.005512458478865204,0.011306006640557713,0.02656431089040512,0.009874419025909074,-0.03245923674430833,-0.0072140369670524816,-0.0022235298554579334,-0.008988816898860257,0.003819803256177658,0.0055622132235814544,-0.0013790125670890827,0.01974840988042795,0.006973810626611415,-0.002729240723080479,0.025414972233724548,-0.01040555823003175,-0.03196521961010309,-0.0961268378327707
41,166,0.59,-0.006228948079322031,-0.1312318636749575,0.03797926810450202,-0.02252547268744869,-0.015207460272205462,0.007111051447830545,-0.0014733541343312723,0.02611649678024433,0.029760197541836793,0.009386964681231413,0.021289785448361805,0.023361866842930363,0.016738762959157036,-0.0023894062861761003,0.0036788088785840107,0.009639684606122067,0.004763004368886112,-0.010000093303174145,0.004468310222897532,-0.011009727576610555,-0.001636261597238365,-0.015116372197648352,0.015569729600721584,-0.0038059485652559327,0.026155803527638372,0.07410413675934378
42,1097,0.53,-0.010157863035774827,0.09280344944113068,-0.07585847513589782,-0.022251719678032494,-0.04743831817098008,0.006217710281321488,-0.01025327577131534,0.01766122209515694,-0.009740979635354608,-0.017296936264903036,-0.045139828525190544,0.038114165836660656,-0.012543763548657964,-0.010721983828171425,0.005227451123515038,-0.011418462563677092,0.013479870211573635,-0.008261249278570576,-0.0072702938825096606,-0.0038163059310003305,-0.019524357756175212,0.0134640182019602,0.04521147217176961,0.0017654198942353705,-0.0024183771888652665,0.10966637433367299
43,975,0.8,-0.004806503663720972,0.08769479504891835,-0.030431437836980248,0.05987914534367022,0.029143675195455333,0.007003676489522305,0.005333403993142094,-0.0035146326428894693,0.00805561282646369,-0.02195549755050153,0.02592632317203856,0.04558289184363273,-0.007752977034079652,-0.00752610813764329,-0.008845078162676422,-0.00014890087413277573,-0.0293097891981145,-0.002930510207909628,-0.00858982667889531,0.03667465859279465,0.0026702569060294452,0.0071154869815471524,-0.0151915038468531,-0.005987090741897118,0.0062963367137854834,0.12511255686521414
44,1054,0.78,-0.004341499844477899,0.066506946227633,-0.0611505162979221,0.03149562605160864,0.027694928598986326,0.010868957247421731,-0.006437551639925028,0.014183344083216302,0.00971855648233868,0.017790281855612065,0.030730784871863735,0.01513737634022237,0.014633272135371552,0.0014836712770666099,0.011288623547646615,-0.0067779168015662875,0.016901336925702677,-0.02287293702831823,-0.00530394525151325,-0.031715188808191144,0.0036833322296158503,0.006657261839728329,0.02875574905353617,-0.002290455599836295,0.016378411643786762,0.09648051425631302
45,902,0.78,-0.0060791245243573735,0.15212532035615067,0.12822945356564944,-0.027168267525509115,-0.018507147041482278,-0.026063316825940482,-0.001474814846929692,-0.00929505960503472,0.015688101693535027,0.02718613190455146,0.042225842701839114,0.024664867257408348,0.013298712898729829,-0.0015987648886922551,0.0019412451088562396,0.004124993744954954,0.020130265553082043,-0.006268321856146274,-0.0006115732756596371,-0.0026123024437396526,-0.017625499698838875,0.008210948227069083,0.032434420201305846,-0.009896837519193733,0.03360910746144341,-0.0971694172271302
46,847,0.58,-0.005179698349101894,-0.10254239323279327,0.05573172752510045,-0.03446185781196718,-0.06980064283544038,-0.006937018340282034,0.0026363356179088,-0.0045287975354872285,-0.004092485629982614,0.011132451208512945,0.032902710116758827,0.027027971782044063,0.027633969516124634,-0.005200167781659867,-0.004447844853527568,0.009279545480838376,0.023018868811383802,0.0660967468312801,0.05487772215497265,0.002930817968897666,0.017158382768991627,-0.018864684985868917,0.01644902943941043,0.007677290933092031,0.02450602525816625,-0.043505040661451645
47,1138,0.49,0.003759448439695682,-0.12271003062664844,0.03877754010840344,-0.015632556714441352,-0.015097531187625147,-0.0233524152368816,-0.004843707181544589,0.007031589607669863,-0.005821522965674045,-0.019831798119302593,-0.05102787914430983,0.017855004094392113,-0.008208733939550374,-0.0014073093286874614,-0.0048819534829852036,-0.017338647560368264,0.024080213015377952,-0.0068816910181319565,0.01571939258530659,-0.009090165755059908,0.0026693730182989015,0.008387167822141932,0.04644085442121846,0.013474029507982963,0.02520489692612776,0.09222539611051589
48,500,0.7,0.005945689568541889,0.15560596475484478,0.1192830662487812,-0.02837843702667997,-0.00366236089323108,0.01377471053187789,-0.0007542365351937412,-0.0053020608935730705,0.004893774749035068,0.02743988400307842,0.032997952945097525,-0.02235312242305554,-0.012746302245098904,0.0033112189970005475,0.02116462180303798,-0.009229632876534421,0.011633975931737033,-0.004335184993408879,-0.0031896671166878367,-0.005557260095437392,-0.005559811630921045,0.002389827418713028,0.04288453956810976,0.0018952838359674895,-0.007721643065044028,-0.13493182716503685
49,315,0.55,-0.0086765173723128,-0.13830788871797423,0.034099575546524985,0.059043958699260664,0.01725636972291719,0.005655131472431545,-0.007094917237714502,0.007192408042198036,-0.012743607603648878,0.007229835510585173,0.008824335252380574,0.025239889265806968,-0.03189752020934435,-0.028653329066951394,0.005575905586217448,0.029118031148864937,0.02410080525945426,-0.027239804938322634,0.005675306494979382,-0.013934592487296133,0.0146517204399636,-0.00901908828375116,-0.020249828071872006,0.0002440769272462286,0.0015151932315450364,0.1018935147847322
50,988,0.85,-0.004144974702076287,0.11771486481278037,0.08268810276285213,0.05001575032940791,0.01839949287285051,0.012297902337592514,0.0016377980215770197,0.008997491365685582,-0.02011342377308936,-0.013468030965398793,-0.03449580365845179,0.041053686823464275,0.006026302351907895,-0.008614831927215518,0.006786806787888226,-0.010628698029898364,0.030187351035821992,-0.005625360684489779,-0.0059339202793165955,-0.005020798239062852,-0.016324767068374827,-0.0052348230686557985,-0.020715905002064328,-0.010039375786844097,0.007766103873294719,0.12628802320573504
51,373,0.74,-0.0020416297774391613,0.18389388037469162,0.13924838613644505,-0.03265504889116739,-0.00742796340299331,0.010274111250196663,-0.0031985423809252358,-0.011396456461577182,-0.0024599552592126316,0.013016137987076508,0.031066719524958236,0.02729322468230821,0.022730451576708194,5.1213346081340065e-05,-0.004829478676675754,-3.3881728992541526e-05,-0.0011184800513448286,-0.010716013518091724,-0.008428422221511453,-0.005100586786174082,-0.0032410771918079473,-0.015765315513316478,0.01594964325497861,0.0013980380319312934,-0.006254795169042328,-0.09075519573918357
52,1094,0.41,0.0010615401982967624,-0.11512092047216735,0.03196918167510205,-0.019444446347914247,-0.009383815946635886,0.007247311083972639,0.002001361636710944,0.008208945806732496,-0.019939465611741664,0.011458380116685053,0.0344195196515126,0.015344262727479963,0.022346483241214778,-0.0010922684373525179,-0.010200536004771762,0.02861804546469841,0.04111574410194528,0.06261298817335967,-0.01596957763583641,-0.00961076576271523,-0.0036928634083720005,-0.0009813815255162528,-0.047564198276918115,-0.004273124110955637,-0.017507567252850183,-0.08212386968804389
53,400,0.57,0.01008428409917229,-0.12741192435909807,0.03556727459163884,-0.020767918118237052,-0.017216881408695088,-0.025178167784463478,-0.0003576289741850919,0.014056011001524309,-0.005187611263786035,0.01116549218870495,0.020728781753642934,0.024675520177269133,0.010125588615216147,-0.0019835103570482017,-0.0006110997118863372,0.02029283490317677,0.03007148493262578,0.0006901247416028687,0.016250881842387873,-0.01803358109231916,0.013211764899586791,-0.004079781903808665,0.021478141894818687,0.0031392524590798964,0.00879224560379204,0.04999738466520808
54,308,0.7,0.008153346225349639,-0.10726366407321217,0.03910406909842972,-0.022771116779075742,-0.011279729300596935,0.010965631462672674,-0.0008137529781008632,0.02247106179279547,-0.009084287816035926,0.014823037322237363,0.019720051869843536,0.023175473855940612,0.018875674916358054,-0.00337058138174844,-0.0005151437945130704,0.023620780603264474,0.03103162130910387,0.008935036185162898,0.017794119810465334,-0.010181029616980461,0.008204377525341061,-0.007558250259899935,0.022111486769835167,0.017379558680318253,0.01132142285040853,0.07464976911855704
55,366,0.47,-0.007787817131125624,-0.12212970673359001,0.03885284224964082,-0.013970255925642695,-0.017903841866148348,-0.023686138538583895,-0.0033180295864583334,0.008513381412291068,0.006716024147552852,0.029587396614131286,0.04705589273873428,0.04774287091786492,-0.010531757255763115,-0.001512199999665219,0.003194030379703064,-0.017092080505467545,-0.04185715514437301,-0.006362017719755541,0.013581690372975528,-0.005133446642751587,-0.014044897064369068,0.003269841708876048,-0.04147509877545585,-0.008680622690309347,0.00037292568136448266,0.10609713275224489
56,201,0.44,-0.0023752430911125836,0.11284169467436311,0.11487396772470335,-0.025123936519841097,-0.016838064405241982,0.004613506901862568,-0.0002484010304111231,0.0014540569312804213,-0.0077668818715280275,-0.019623841935567796,-0.03583598778657594,-0.15159494103770363,-0.009665156158678533,-0.006693810732999953,-0.021329424317759253,-0.005352997703542613,-0.0413360624049605,-0.003974901216947246,-0.005134936615728526,-0.008662425667931802,0.007024087154104952,0.023344312919163727,-0.02752863854198934,-0.006694986805200144,0.003680985629053654,0.0674469893051098
57,1118,0.49,0.007127899978332349,-0.12752644632160123,0.04048410115954623,-0.041891179505639996,-0.02695238734051489,0.005949424406557531,-0.00035293049190134897,-0.00881101026769898,-0.011584165535160913,0.0019301657571955215,0.010976025863771778,0.016045180945209053,0.014071567015501541,-0.005912230018638662,-0.00437890675692271,0.024922021084531294,0.033115551556510484,0.02946931004566378,-0.0019275294252386547,-0.010025747960625907,-6.616518788691076e-05,-0.01029176018283362,0.014361014199029474,-0.013903199493305233,-0.0040829441648946845,0.05875330403693589
58,112,0.67,-0.010547750468549512,0.15316453858841994,0.10860682607017766,0.03716742986127413,-0.0033605194688368224,0.00748360300768004,-0.0015305008195842303,-0.005952111095468809,-0.006336616977728083,0.023046083447455762,0.03266360960829029,-0.020355269523789844,-0.009606629547344881,-0.01432908946134482,-0.003865324292021299,0.007353185566089538,0.015573749871214479,-0.007803571868594293,-0.00996123823857204,-0.005741951673416559,-0.010855340770897672,0.00178169069859019,0.023970417026473692,-0.0005063055626626037,-0.005761744333796325,-0.12479820624713764
59,1062,0.44,-0.008710452176384458,-0.12596756903976503,0.04610295090265007,-0.018199868146433384,0.0016112100853387526,-0.00891002086899483,-0.002733947288251115,0.02100057334742424,-0.004481041376984446,0.013487837551715422,0.03316638813844708,0.021572468754734498,0.029821647150532687,-0.0037522405041789785,0.0065684162920206565,0.012403449896424753,-0.03308231322853116,-0.03359807469019515,0.02242018726549975,0.025938768852695214,-0.014517915726093568,-0.020543286178646224,0.01044886079444478,-0.009787053535489445,0.01742909386630989,-0.03818910674236987
60,192,0.94,-0.0017331142048541074,0.12791724707742727,0.09122784397834838,-0.03864085965108235,0.0059837140567429135,0.009681895362936042,0.00015610126241495661,0.017748948241580756,0.0179095014750606,0.019001463165129948,0.0279283830548301,0.02046234412783596,0.015368055079789085,0.001449149397701294,-0.001151819197548594,0.004678719943437708,0.010416164104618625,0.022167134783531172,-0.0012465146839273637,0.006490408522646158,-0.0005075385276995563,-0.0042723114632333145,0.018339605790669584,7.342810263744374e-05,-0.002661494403002023,0.07271250799993041
61,586,0.73,-8.9618411722736e-05,0.13318369181760856,0.10350947839018014,0.03898810529407006,0.023125519069789338,0.00785663649792181,-0.00034246673063233034,-0.0012120424698438721,-0.008917336749220394,-0.016640924494691664,-0.055821930036472706,0.06459021693590943,-0.01024984791547363,-0.011301991011984628,-0.03488187300256972,-0.007810096825425333,-0.05073312177069513,-0.0012074372076085057,-0.0049938331561072274,-0.015371829870828437,0.011279625725716948,-0.022993827426166142,-0.02956200379153309,-0.014395300549312097,0.009890669487886807,0.12360050159712427
62,113,0.52,-0.008062669231451564,-0.1201203250363672,0.04056425876010585,-0.025953009575649732,0.0373926064339545,0.0073469099912416005,-0.008731270105707078,0.001043116562308188,0.0020773533905496643,0.021577946587279465,0.038050059101965544,0.02640409201068158,0.015788149928700673,-0.0026745492466034118,0.0032565033121612144,-0.008270183821621193,-0.03387910825944434,-0.022782538216986527,-0.00391053952207471,-0.008183892180762011,-0.0030928110071261417,0.00741844348132984,-0.022303318146673638,-0.006989141312883124,0.002225994940374966,0.09130688455861855
63,230,0.85,-0.005530611208105651,0.10661432174850011,0.07979559862848096,-0.027163316787692505,-0.014707459898224222,-0.025143215219690197,-0.0004906213914214575,0.0182935119567231,-0.0011274640481435641,0.015325417788384662,0.024676555502513547,0.019069102624258105,0.009042219187491225,0.00034368012162835785,0.0012930186499198956,0.01770235340775152,0.018571297125061365,0.0025529363023412688,-0.005052622306105544,0.010024793268720208,0.003810462937994108,0.012472136167344489,0.03347837912118639,-0.0005577538325850507,0.01671097472671067,0.03949526882287911
64,1034,0.79,-0.005894722534008245,0.12925438350518573,0.07657239728363635,0.042503222969234165,0.004905741965726841,0.011753720873099,-0.00018096271532773127,0.0018618539878116078,0.0035106177538791108,-0.025445067523745316,0.029977406412295952,0.037683320157096606,0.006077933900402532,-0.0005541521315256995,0.005492375818095911,-0.00807458731640318,-0.03295483846987077,-0.007026845920243419,0.008271218854784932,-0.009926919823605121,-0.0019108550455610583,0.0028785712326816772,-0.028172588693141515,-0.007851782100297043,-0.04986059482869385,0.10661011578441258
65,232,0.59,-0.0017948002669947063,-0.09958592668218515,0.03987419899125947,-0.006686724463808491,0.006422710119561424,-0.017139930074754225,0.0014011570189028238,0.02152901488724853,0.021809043182781485,0.013804670638360356,0.035368889567874276,0.006334101480752789,-0.026290742134068738,4.143045603619012e-05,-0.006296064852018085,0.020128884083398017,0.010925029344699343,0.044365048252924304,0.007152528959355589,0.012525794526002998,-0.015940063424816596,0.006497542678348644,0.03510297412173361,0.015621963926554575,0.022427691836425477,-0.05809945877764812
66,169,0.83,-0.007727690146256279,0.11926753494778825,0.0764901070219418,0.034977604555329674,-0.016520013237802156,0.001081452482475777,-0.003823807575349019,0.0037443023481321825,-0.004912030549318052,0.013757090408325519,0.030422961905934267,0.02511347267511216,-0.02140237410246602,-0.0016793689353130131,0.00340535399677047,-0.00866963499383311,-0.015706765216773864,-0.021750115319818415,-0.0023576396862551225,-0.015900617994216965,0.006683579018537379,-0.0028553196002221626,0.02751682105563375,0.008957058641502478,0.014273892271120442,0.0871131094249403
67,351,0.58,-0.006414923593888934,0.09545944846596904,-0.08908397942329997,-0.05078177956935308,-0.041650683326624985,0.007604001208965164,-0.0018025923452750048,-0.009494884668156827,-0.008470893208973828,0.011445613282361313,0.027530555942521195,0.021892421250487976,-0.018841539436550828,-0.0018273447200320171,-0.016253278456715495,0.008086660290817612,0.005925464957864395,-0.005028318169859911,-0.006275253037175982,-0.004464370654564547,-0.0029551922630650673,0.03041639433678229,0.01690672652852269,-0.007268887651962426,0.03156987037881047,0.09327572727831668
68,146,0.86,-0.0004960039289911245,0.08477634557759219,0.07122044843343608,0.03715480373020657,-0.006906356153464745,0.0013984136168759727,-8.402465485576931e-05,-0.01016782724824351,0.008838531772898948,0.014328574459959756,0.019711514626384877,0.01817450924644255,0.016370763294847254,-0.007327220585027275,0.003994758240494532,0.008539277666756556,0.01305022832644622,-0.0268122242110097,0.0032312863555557154,0.00043172735004143726,0.0035817093886453388,-0.0011619287321492967,0.026160757040187242,0.0001304651948481171,0.007879361895325893,0.07348107269271635
69,556,0.49,-0.015311503620696545,-0.12975949964148176,0.03819513267377709,-0.011880434613426083,-0.0018167362063005576,-0.0017147677563553692,-0.0036647189457047324,0.025051555110326407,-0.011201889948039976,0.029264365717184066,0.03194310443928633,-0.006540332795525505,-0.019413320484034942,0.0018576216847351152,0.010004373431028826,-0.005929327190347202,0.025534182905511783,-0.003163907071428432,0.016138321278776745,0.05302065192441585,0.002882466975131232,0.003479099744305778,0.04432243772481328,0.004979947807912875,-0.002561851973101947,-0.08421600777484231
70,690,0.45,-0.008245437397394265,0.08930031183033847,-0.10650781535311084,-0.06610791583327834,0.007266442297129322,0.004866775903937025,-0.004312069622964325,-0.012989707981308203,-0.015189616467266123,0.006706435916284633,0.019527505383764212,0.02916621230628542,-0.018870802499096312,0.0007512652821983195,-0.01591084871242436,-0.0035282514986079354,0.0061375948427115695,-0.025237241865582613,-0.0026381515829593653,-0.0007177347520990733,-0.01820742775198383,-0.033025047761856864,0.006975556530698222,-0.003030840319663333,-0.002712048445978979,0.11603182094814697
71,1106,0.71,-0.004595385915743267,0.10810974405019035,0.08290041432287995,-0.011223536790894256,-0.02251635846490381,-0.01360838134030659,0.0050575460841031225,-0.008872993681407013,0.020396143819580523,0.016425534881884155,0.03645132750105803,0.026164563010162237,0.02043157576821928,-0.003026282096545378,-0.000561249723274733,0.007827373544661185,-0.029102507858307897,0.018044048872623415,-0.005023961554802793,0.013769813112876932,0.001966715945804549,-0.007004768050510918,0.02901138849414401,-0.007070194182810064,0.022159028675333224,-0.08661063502809414
72,827,0.49,-0.0061017925910202345,0.08215891974741425,-0.08623368540218623,-0.02173326727304782,0.0031004830152595447,-0.010018334937200822,-0.002448883847981031,-0.013550334493251336,-0.01733173187886744,0.02194629688345897,0.0317363956376157,-0.11183888585290583,0.008347757061683196,0.0025135724014719502,-0.010982815523620055,0.005875480483435124,0.00036849474719326426,-0.010442642790127025,0.025717798470734188,-0.0031431148865709263,-0.009818182145025065,-0.02344367471398419,0.020029932323615756,-0.0015327935311105108,0.021709599886909237,0.09461437260402683
73,519,0.66,-0.007190768369729798,0.1024155588466949,-0.042964220489188035,-0.0007799255157792709,-0.01634422907942296,0.0007531732111805869,-0.005814888606100208,0.0015432486589562237,-0.010828822038138243,-0.006472547893938108,-0.03935025980733812,0.029107767435529112,-0.01003921581828009,-0.006954257120986878,0.0014149385597031143,-0.001973622440474825,-0.036590262621705956,-0.010077857377193751,0.004387712974627643,0.05121993891381176,0.0018606073427661282,0.013315134666860419,0.0307158916255417,-0.0035615723392703165,0.0022806258583238717,0.11942681481947111
74,40,0.48,-0.004705537197536798,-0.15942697392218955,0.034956542404955,-0.025939059027312236,-0.013101418137964628,0.011058614798347667,0.00555671033049028,0.01383095464556554,-0.0025569813678962988,0.0020656840080728713,-0.02050215872116459,0.026684102327520106,-0.022013861076197887,0.004019934653173937,0.0052011078857073425,-0.01055771214557861,0.021610532192335892,-0.008566410141320355,-0.019998073128065078,0.013608031234634164,0.0035150617903937837,-0.007612062924929931,0.022058687745560683,0.0031417506267326645,0.00022003219755206745,0.10695146434503508
75,1135,0.68,0.009008477851135567,0.06279756958123694,-0.07236536546233692,-0.029139990052318147,0.03624929572889755,0.01087983292283919,0.017281422766400132,0.012691470508218512,-0.01308762389413252,-0.028269100367917684,-0.0232786054682478,0.035717178857750435,-0.0031612515361800547,-0.00457269070020548,-0.012256501944023552,0.02314420665537325,0.04945742694181584,-0.00813029932852296,-0.012382434783776403,0.0004919348417099743,-0.017918600277125506,0.022138975654529616,-0.018931507716769807,0.0023116411033218274,0.00501484037189434,0.13580866114235404
76,470,0.48,-0.010826110804214332,0.14643122098225034,0.10216634907802813,0.03193643669848672,-0.008331642349531992,0.006866289003549939,0.001760097389360917,0.0044540095451506044,-0.010659725291933856,-0.030159690692932124,-0.06379003706476008,0.02825570525766239,-0.010724164424706584,-0.005131695325787511,-0.03534916450509828,-0.009095561274443857,0.02701359979898773,-0.004981343367137426,-0.0040708805662127145,-0.005038981134608596,0.011038154835583508,0.013165667964733738,-0.020602167606615852,-0.006007064757153213,0.003800540945214126,-0.17262087893795125
77,265,0.54,-0.006128776685543706,-0.13931134887877802,0.035005891598093516,0.053082173607684593,0.005599472794583769,0.023484791978981925,-8.010109394576515e-05,0.00036573618803620664,-0.0058341831905376436,0.027559175434159946,-0.045637102212233896,0.011398311456899325,0.012074501532286723,-0.0035482954515617285,-0.004104197624921285,-0.023009774357200932,0.02454206723481021,-0.013627254417949302,-0.001963556594373965,-0.00978166577325343,-0.01775361560686706,-0.020403409384847544,0.012261960401763852,0.003985833020858819,0.00980796861640236,0.1115143608033726
78,467,0.77,0.006738967811963372,0.13590259693426154,0.09551647586165381,-0.02042227419889734,0.027073247189672876,0.006588179730494597,-0.0042695905649887895,0.001583286778609173,0.00776503147348147,-0.018153258976169658,-0.024244819856958057,0.06607755736928571,-0.010602947148988013,0.002024376881903302,-0.017508524535513437,-0.003953560344412847,-0.03276574965094389,-0.014252040717058129,-0.00913625383001991,-0.006003725099940728,0.008554935496606136,0.02019220806486382,-0.03432400359031363,-0.0033851241828759143,-0.0413161434450438,0.13182011594524864
79,797,0.79,-0.00395493479720048,0.12584745897334856,0.0678330697112459,0.045432462189392855,0.007397401389967463,0.007058058118989239,-0.002839204127800368,0.0008872979777624719,-0.015694556140274707,0.005102348028150043,0.01885812437766506,0.03425244008677484,-0.011495938835371113,0.0005992489256166519,-0.002330994034276106,-0.004298803830854868,-0.03790584606874638,-0.002403086593575067,-0.008853901005845481,0.032747163942615266,-0.0037351109314773838,0.0016013066156204232,-0.031379292614081594,-0.002166947466929021,-0.024426354950080942,0.09336755445528491
80,1070,0.6,-0.007830510686707403,0.06655416016231748,-0.1609976138556433,0.0603494953141602,-0.0029434922942830305,0.003919624626213442,-0.004325024544956016,0.012287553525762782,-0.005415149590485497,-0.035669650208541306,-0.03837479002683902,-0.015388511071518292,-0.010312427493710601,-0.00703531979257557,0.016254910420795025,0.024700914209771798,0.034736026415601216,-0.007067127478209747,0.018092944927831055,-0.0010282609078413557,-0.0015750844997534492,0.0026642669226274,0.028668435964179163,-0.00034842816456823086,0.0021181093196027206,0.12746391220269046
81,71,0.7,-0.005038380328139299,0.14356578977620435,0.12329068399740102,-0.028707099333302608,-0.008181546218609994,0.006574701446328933,-0.00461937083443851,-0.0144726418688713,-0.0026874062775831004,0.02259578086426633,0.029261664593826276,0.019627331416742944,-0.03139981660168184,-0.019911291209975052,0.010392816401215832,-0.004889367989538442,0.008644668333289342,-0.00011042364650316158,-0.007058351336473915,0.02734084361599317,-0.011269761099753,0.005274358848913284,0.030038875663647168,0.002137318313895024,-0.0033110808504101313,-0.08758933228052283
82,504,0.85,-0.0014440369976686485,0.15807480771920418,0.105895078357476,0.03887149336072509,-0.002214400131118184,0.009730794099093882,0.006121958248413518,-0.00039948050139806187,-0.019373118780075676,-0.011577939057735083,-0.05450053772956236,0.04274370137790577,-0.010987029919308278,-0.004706493613292738,0.017695581676683697,-0.00900337697924611,-0.051835747484835354,-0.004708766288782593,-0.0005027740911348913,-0.003589869567029995,-0.014758496909325925,0.008641537030365366,0.02826321935951869,-0.0006798856259181557,0.004827642344201373,0.11891510349876475
83,78,0.66,0.01974157458620425,0.0809295261068569,-0.04465155841369336,0.054876116638640435,0.03458403637294744,-0.030219145894316082,-0.006357830089633733,0.006501052669467449,-0.008270964430719762,0.025337853987446493,-0.047168252901793474,0.0020073311703753907,-0.008842213128705534,-0.0012212950133160005,0.010812473920056725,-0.010158839898555249,0.026204008879053897,-0.0031889398061461494,0.03250222483738314,-0.03854392724446306,-0.012956863938331786,0.007535431493648091,-0.03256372609486099,-0.023873987105878753,0.005745492944415406,0.12073938374983845
84,578,0.69,-0.005099534314828277,-0.11280504909497181,0.035194193013069,0.05879025044729819,-0.02591954119058722,0.015207799313773775,0.003154226503526015,0.004719061840756832,0.007088602613591534,0.04099464252784927,0.02803344294424981,0.030005040812181187,-0.015883175577731747,-0.0009662162323745021,0.0004590146938359872,-0.02144070147006747,-0.02855344716456438,0.0302468374335228,-0.005484459162174177,0.02517863414192574,0.03051657064390931,0.011999929450579969,-0.009964159140141622,-0.016787265285070758,0.008088996494754187,0.10272526915360881
85,128,0.85,-0.0042960635006959015,0.13873602528882323,0.09163946373940039,-0.030764182088676085,0.0041968687992514336,-0.027312903023437415,-0.005024772773346885,-0.00537846846474404,-0.009541757676393073,0.018433176293092088,0.026242367519667357,0.023256121556722315,0.00961071707681855,-0.00015248484785857066,0.004845617165861725,-0.0066515109739320065,0.012730442200694133,-0.008138253275476248,-0.0005347914791926735,-0.005717430779342332,-0.006781513827685141,-0.011246578179582028,0.02690812909161238,0.007683926554300609,0.01833259644567445,0.0884242225543645
86,816,0.42,-0.004670616155541815,0.1399992208179122,0.10742291783597746,-0.029125567178571128,-0.005939260091641033,-0.021430535668733198,-0.0016709274519415218,-0.009586414177262859,-0.00466069448595079,0.02925871610133136,0.030733229320672024,-0.1256561344992919,-0.019046141885989926,-0.0017643596923285765,0.010168186857067685,-0.011662336867422355,0.031722649972630704,-0.010423330984509108,-0.0035965142702964197,-0.008149469336323174,-0.013192161238014265,0.0031680230107161552,-0.04952249438352136,-0.002837745557751585,-0.005213594075078724,-0.10482568252021737
87,1102,0.45,-0.0020660832688029593,-0.11825126713554537,0.0315855843381752,0.03461250742340521,-0.0027379993600662182,-0.002760190472550131,0.00010057853959976605,0.0206446104912115,-0.024501885155904304,0.013761030546104176,0.02797796164293775,0.0027315080023697664,-0.025002929950075217,-0.0027557834391957114,-0.00880620609220423,-0.01856638497592465,0.020072556944800774,0.04530027590310293,0.009881702458830775,0.0193866415047161,-0.009727026798683322,0.005803545404607571,0.017467329619671335,0.011671265448030481,-0.0015044284334603509,-0.09481794978923147
88,277,0.64,-0.004338861391608343,-0.11671725558879484,0.034186654223740065,0.052768645395771946,-0.022441692990078806,-0.040007700297467814,-0.0017403196074656244,0.008088500168307217,0.02049621160467419,0.013996100092513258,0.01860141237853527,0.015911506480344208,0.009329271669908955,-0.00140255982849513,-0.01183785192367403,0.024455752690296553,0.01467401279094233,-0.0158807649134278,0.008928885214560206,-0.015078288772804104,-0.02136226344314824,0.02721438604646602,0.027814856693596835,0.005331449263361273,0.017999731180992677,0.09050914625887341
89,411,0.55,-0.010921157413237523,-0.14503990947222156,0.0374424272409859,0.07273256514018492,-0.025003677456531096,0.03183184814504427,-0.0014327939397526742,-0.0076523960741124285,-0.014790761118846512,0.011859815096988928,0.01479908009199913,0.014659877652921151,0.01678720220725481,-0.001842433957751227,-0.006678712240127506,0.024688312386886246,0.0029288231171610024,-0.025673353153436978,-0.009690071608662523,-0.0140480738242572,-0.0169306801623733,-0.038446892278438505,0.013346044931524264,0.007369232490493479,0.001301166398050401,0.11790348119617351
90,551,0.81,0.000768540300947303,0.08383024449089103,-0.050397244074656,-0.026017165253841096,0.050735547390787936,0.015290814118968172,0.005501276666344688,0.0034067532720478792,0.020759996765754126,-0.02296621240118817,-0.024168387777158896,0.009329509977559462,-0.00804809002117957,-0.005084548180166743,0.017908897643631298,-0.0017551018939307138,0.04272038182068446,-0.0037841305264031734,-0.011787590694183066,0.0009827459301568239,0.0172515916538375,0.020516366501476684,-0.019754169803445815,0.003584090596781387,0.015292715940041836,0.17538213095216376
91,670,0.78,-0.00501516239367963,0.15091225693852717,0.1010123458460814,-0.014379354179124254,-0.007662194694845032,0.015125253143470551,-0.0016564229921570137,-0.0059757716261635355,-0.0044243356170083695,0.021789636796852033,0.03878844368286415,0.030528829749760393,0.021206531248909116,-0.00018670334476529664,-0.008072314089776808,0.0037126914539726847,0.017733367825160117,-0.00928671740280756,-0.015276717754293264,-0.0016642975969393104,0.019365649163443983,0.008209705260570513,0.025858694674840213,0.00794730994790875,-0.005253893234159891,-0.1038378674107201
92,875,0.6,-0.0027941589444291726,0.08311125398477386,-0.07538957251843202,-0.007144987530345499,-0.007071313178032111,-0.002268710593052379,-0.009854312101725519,0.031206559661495343,0.007599113030069859,0.019944703582262815,0.04321854704892408,0.012524690972087877,0.01362286853384491,0.004473354514589522,0.0021591663863612656,0.004602227802617024,0.0181165266692907,-0.0056458007757133515,-0.005488727145947611,-0.006251644338056232,-0.013632269450918659,-0.004038606391846059,0.024990080772481018,-0.0011898000982998463,0.039921232205863244,-0.06522145870194243
93,804,0.4,-0.00022818732892786403,0.045590395018240464,-0.1865870598636584,0.055240511198846196,0.0026600871190068194,0.008195298113023233,-0.0015635323890336075,0.008377381900526611,-0.013950306916547504,-0.03189011164677299,-0.057688959392582444,0.058180386459648244,-0.0117671565425646,0.00744528718522469,0.023622074461275604,-0.011776273315753207,-0.07119395258745373,-0.005269817811735372,-0.005791848629149642,-0.002863694025557215,-0.01635971621539888,0.00288451866883293,-0.027629362625189665,0.0012659870434876084,0.006025465872705406,0.12457154964542816
94,275,0.52,0.007061007051879321,-0.13370711941078253,0.03237163919934947,0.0388246802485947,0.003944715034139749,-0.04341378710198917,-0.0029599686891705014,-0.006072212136704955,-0.0036213958109899383,0.018419414946302677,0.011337635572934563,0.027262333510535225,-0.017911799034079152,0.001090944216718453,0.002415198351292975,0.026278464718385894,0.011054354719765819,-0.012290179393601029,-0.008309165050453959,-0.012575792020489009,0.010000324682489523,-0.005850176733895177,-0.024152776340517487,-0.02209735712812777,0.012170523573301163,0.11022945642103148
95,227,0.69,-0.004586481860389869,-0.11051031280898449,0.037856735421618534,0.06552708645573564,-0.009276550041832782,-0.02527864037825733,-0.00035896043658531805,-0.007707091840112779,-0.018971594355090833,0.010479565366974478,0.018637095112017152,0.03276612488561052,0.026222898228251957,-0.007917103486096566,0.012058049465141248,0.021241788374847352,0.01933191762357936,-0.01678706928785202,0.019188098246916377,0.013815677557388883,0.00853245966794902,-0.014240929756103842,0.023243426126297557,0.008217487875717319,0.008325921945413083,0.07968936529376788
96,363,0.52,0.003366716379568393,-0.11399521947808566,0.0367995064812881,-0.02830730929582957,0.00012327169330342687,0.012388875307623462,0.0020698661822005533,-0.01231401113161165,-0.0018956409911587366,0.0022864080607128746,0.03354365094013602,0.013711696191548587,0.021013893539636175,-0.001655374358186098,-0.006940553082512253,0.01789192517838358,0.014490511707158678,0.04927879727840845,-0.011724834238835856,0.0035788797032222756,0.005209403623284854,0.013770648699926813,0.02007339539227222,0.0011517535047706107,0.03161858386311899,-0.08603587775442323
97,499,0.63,0.0021673082927953554,0.12456854306419841,0.11796361930240572,-0.030214244075762408,0.04641231012481924,0.006189597747694294,0.0012875613643425136,-0.0014759462673153885,0.015545876003474278,-0.02185573376796828,-0.023791457857677344,-0.02630886983722886,-0.007607659788634133,-0.0026557516584382475,-0.024280448406735634,-0.0040193842366452685,-0.04925780811202512,-0.004472742318873225,-0.012001001515588364,-0.006817406016369329,-0.011043594596920295,0.013948190763195334,-0.04583771643000461,-0.00592694889529153,-0.035061398608990435,0.11404406912346311
98,63,0.75,-0.00015928419744178223,0.11356833186966002,0.10826180373763011,0.030664178207888127,0.0020544042055128673,-0.012567153640574726,-0.0031754424185980426,-0.0070782609594812335,-0.008789860611003474,0.011400557258113172,0.04195706648180388,0.02366026303928387,0.014879041234366472,-0.001977107002734413,0.003985089763324949,0.012742822095515399,-0.051815227980935255,0.03413318371809929,-0.006827128373937468,-0.011861744009172273,-0.0025925172543176463,-0.015955128386384795,0.023491634831812623,0.007070960805476008,0.01700887942034696,-0.07258039843833272
99,1013,0.55,-0.001668481776605451,0.08643896248276765,-0.06937998319793369,-0.02252697096608949,-0.007586913066676414,-0.0039039375557676677,0.00186932648356576,0.043208457052045374,0.03554860744118929,0.025892797232028128,0.041264871544319424,-0.11843829252590929,-0.013148121060057806,0.0029774738244022023,0.00020961348262160367,0.005411213909970887,0.025596180781617402,-0.004349547315975989,-0.0042895135715664634,0.026730281833675963,0.0018237948039174457,0.007466271751449463,0.022584148521161466,-0.006781414535675582,0.018039821880379264,-0.0434896840569335
100,208,0.55,0.0026206430183897695,0.12479710848895795,0.11725308240333378,0.03368757891296529,0.02432333439638278,0.009615844745302884,0.014187487169551982,0.0010814195853313946,-0.007884269864553956,-0.022942171767470917,-0.04978776906801969,0.04377884928778299,-0.011223219521844834,0.0044854078682927435,-0.025531598408689692,-0.006619730014949485,-0.023144382369221485,-0.010246193950428034,4.8124794168889e-05,-0.008920321543211287,0.002377416358157642,-0.007894223464597741,-0.02916148464496367,-0.00782317873366669,0.0008706027675010838,-0.11844939304858171
101,523,0.58,0.004666338882392333,0.08123728782811725,-0.04390423789662111,-0.006546396340949233,0.029288109013812152,0.0065188038538021255,0.00022140898152511667,0.006949610640575031,-0.008089658414462407,-0.019226596063187096,-0.05056758859544384,0.04893906149689663,-0.007138929226082038,-0.020103711704721212,0.0009930879423760486,-0.0029859945926649658,-0.029355263566236522,-0.0062623559328846366,0.021414023117079697,0.06905769149506592,-0.012598470689894696,-0.04571354014452849,-0.03805750469509124,-0.0063716216063125835,-0.01949992065720176,0.12663533027055987
102,248,0.81,-0.0013435855782509647,-0.10897799001715724,0.04206235895151427,0.07328181318740591,-0.006844290959067943,0.022869137399896603,-0.004206474172935928,-0.003035794036320273,0.004470035935690376,0.017306380681510497,0.02832095109128203,0.032022047876647156,-0.01842544750819085,0.003563118874921521,0.02989696991027911,-0.005509412601300694,0.024262395482907283,0.002453404685270354,0.012990780000628427,-0.0059030702868046025,0.004364258829364873,0.010575593296801241,0.025752608517786817,0.00828881043465667,0.018698467220158447,0.10256589617922747
103,428,0.9,-0.007904828338105309,0.12480286439821953,0.07502847986677313,0.03338597334062115,0.005134239429223684,-0.03182852964488185,-0.0028747130832734624,-0.004512115798224846,-0.006531772065309873,0.02032138686782519,0.018941292190820795,0.018888524577255768,0.005809591405895942,-0.008702114090129307,0.00030764598873865594,0.00881261156515716,0.018843642939883738,-0.009708682532041312,-0.0034280923567383153,0.0008374831106833297,-0.006069192988568701,0.010575466591957803,0.023931454592081795,-0.0005197729884927556,0.01747093628744515,0.09848718412910476
104,228,0.51,-0.007396362170097237,-0.12768314529920793,0.04164481634731758,-0.026892074904270133,-0.0018167787945011205,0.012887974328517689,-0.007855180723142488,0.0179513045581244,-0.008712669391819725,0.017154897816655475,0.021617735440031472,0.019045065473770936,-0.02661583999316599,-0.0005122005132172895,-0.0016525977284431441,0.011565130978867173,-0.05427324667682932,-0.012222325714636313,0.013221018246770992,-0.007893223351800418,-0.0028449104538173712,-0.01703470195360136,0.018237917240283143,0.031757665537347705,0.01741984769541154,0.09040084740137105
105,361,0.82,-0.0007318705904311343,0.1416075639749326,0.11491616627311264,-0.04744032122853274,-0.025339597287513622,0.007249724096576356,-0.004888585772641702,0.01056721984858622,0.014467905086297648,0.01828115499250182,0.024355034413630565,0.025522752048389656,0.009704362085346857,-0.0006027479764170906,-0.0031007423102896166,0.008083125687338901,0.008443016508607763,-0.009602775203422237,-0.006898864096062236,-0.020541822874296928,-0.013882362131179073,-0.006903816185479082,0.020032583665622838,-0.004128221207699286,-0.010748556135810054,0.07107863771475058
