instance_index,predicted_probability,SHAP_decile1,SHAP_decile3,SHAP_fam_inc,SHAP_lsat,SHAP_ugpa,SHAP_fulltime
0,0.51,-0.010206154358191565,0.24012625778974817,-0.04181347396426381,-0.09360506911390522,-0.13503323111170942,0.04965648184780882
1,0.9916002814465206,0.10653426958927299,0.26220235848598156,0.05452277631756741,0.0449534071403812,0.01602730231375882,0.00648497868904545
2,0.5177948543359533,0.012500275580050842,0.24696964701707472,-0.0009884726346221073,-0.12030849870545665,-0.11531214041509807,-0.005941145416514411
3,0.64,0.07695251357541016,-0.09614682304913014,0.005832317713031038,-0.03897173979695425,0.01614688195627571,0.1753116606908528
4,0.9916002814465206,0.10653426958927299,0.26220235848598156,0.05452277631756741,0.0449534071403812,0.01602730231375882,0.00648497868904545
5,0.5958401626042205,0.002235495386247648,-0.08192593600815155,0.04115893851103599,0.04290227464840905,0.0860893806960079,0.004504820460156457
6,0.67,0.08583654881994217,0.011461587486807074,0.024060962711086792,-0.05413451135491662,0.09824721388436723,0.003653009542196922
7,0.507226849524525,0.06108646304045209,0.012587025409726166,0.01595034756955762,-0.06869891895313597,-0.014170023037550815,-0.0004032334150392841
8,0.72,0.04426126034177643,-0.036418205414666005,0.04540806145268317,0.01828231348655489,0.14582247828331565,0.0017689029398174781
9,0.6932775262395137,0.1416093036338189,0.21464899779701763,0.0012018415491076022,-0.06906696716223477,-0.08899774051730329,-0.006993097971403844
10,0.65,-0.029071535016509678,0.22975311742724608,-0.023414674709255935,0.07287083310120897,-0.095161875514562,-0.005851054198643235
11,0.5743753546027753,0.13869331480707234,0.08643140508572406,-0.03002745431537558,0.002667833072025286,-0.12228281816739871,-0.0019821147897874153
12,0.5979630647466198,0.03545584775142859,0.18646905397635116,-0.11846483234474048,0.09664833785057172,-0.07957069156275243,-0.023449839834754245
13,0.57,0.04908245409794501,-0.07957162759235495,-0.00585040741969059,0.09197469444449227,-0.022672263360080196,0.036161960919172294
14,0.6388660424698611,0.0820283489155396,0.18937405543420188,-0.016463405638966845,-0.04743826191685574,-0.0596932669894074,-0.009816616245165916
15,0.5306860397822571,-0.00952104672454757,0.04732433872147242,0.017241751559196463,-0.01627074222672347,7.719401187913401e-05,-0.00904064446953545
16,0.6324636482523368,-0.003549493489364382,0.2427040708574447,-0.029158323146555865,0.04285751070248037,-0.11022139273088027,-0.0110439128513045
17,0.52,-0.07967518313316108,-0.07674239960510927,0.01821278852350906,0.2510441256090812,-0.09094909356308241,-0.002765426741755452
18,0.51,0.039169325581180914,-0.09451002139861817,-0.01484686998653667,0.1627645399313087,-0.11004065172074781,0.02658848868290367
19,0.75,0.12515905531022672,0.1940896324517922,-0.04346031457798018,-0.0913699294769093,0.06972049699164681,-0.005014129609291466
20,0.83,0.0298047408358708,0.11107884107151919,0.03009732314086515,-0.01775096836445709,-0.02805474511633244,0.2039496195220194
21,0.8210585415216488,0.151593467901758,0.2561864742673698,0.027793605224063413,-0.08537336285492886,-0.027323676471242404,-0.0026931554558858564
22,0.9334550662817682,0.09567760457781256,0.2827569822475639,-0.011693189417621428,0.03427227878821008,0.03386571947840404,-0.002299518303116779
23,0.957557942324774,0.12776703030036174,0.2370251022536782,0.031767301738415146,0.06130962386601358,0.0030601092154270895,-0.00424641395963713
24,0.8,-0.006142972558273861,0.28153038624429705,0.03531240642106222,-0.041357256900875244,0.02932874423047525,0.0004535036528031846
25,0.72,0.07810739689452065,0.19736287621697435,0.044340319772388705,-0.05030121250439828,-0.03933769975132568,-0.011046869538672026
26,0.6741844781482897,0.1262449613751507,0.13486438845688958,-0.008207800184093577,0.027862811652118086,-0.10070161709431677,-0.006753454967972617
27,0.92,0.08881830954409686,0.2185940101617252,-0.017470851149625804,0.1698109781832871,-0.033583134572760534,-0.007044501077239779
28,0.65,-0.034770637751168634,0.11241366476984921,-0.02949802257618159,0.22384610619719372,-0.11361093144979413,-0.009255368100415157
29,0.6045092011619347,0.09034816333648248,0.19617208175254475,-0.06316737698079382,-0.03565332905155216,-0.08009219372547212,-0.003973333079793743
30,0.84,0.06444691437596764,0.29600756638752057,-0.049993432230273215,0.054693800304112083,-0.026004539053993993,-2.5498693842506584e-05
31,0.6182750924480114,0.06495261984256422,0.2049033501550169,0.00835007726554363,-0.10692466056073371,-0.05140704791972185,-0.0024744352451719744
32,0.7579630647466198,0.10728273810558023,0.19842519998880603,0.00060261324921144,-0.058647820146718765,0.015491872107309273,-0.006066727468081598
33,0.64,0.012595663690929014,0.09378340715743556,-0.028299061938103675,0.08387275948983766,-0.015858689267326902,-0.006969268043287416
34,0.96,0.07066609743518065,0.23497475632276124,0.043196866168150536,0.15690689515626144,-0.03732957617058283,-0.009290227822287658
35,0.5343989237457851,0.04906726544140147,0.21619178809263684,-0.099167271376723,0.05363282935119956,-0.17912979894758274,-0.0070710777256654525
36,0.5486216284570867,0.08120207845771603,-0.11097334623012409,-0.026212231154134652,0.09109553632750257,0.025407010982381354,-0.012772608836769044
37,0.95,0.06951890695735613,0.3003415804464601,0.0789219788506693,0.003928984750727389,-0.002633390587082123,-0.0009532493286459022
38,0.51,-0.05183133808716513,0.021720235417973074,-0.08171493576086741,0.15503502387049323,-0.04079624046524243,0.006712066114292755
39,0.9193989425540888,0.22394957323638645,0.2798582841619145,0.03648391121497781,-0.09224851090661974,-0.02846881890232269,-0.0010506851607551902
40,0.6002841734982491,0.05601580398387338,0.20701164107176862,0.0057458010611210865,-0.132048725783448,-0.028300994039328516,-0.009014541706252177
41,0.6,-0.03467160932613781,-0.051189666832474494,0.000811426477800451,0.06226795201269673,0.12336246300036152,-0.0014557542427612446
42,0.6188660424698611,0.025926847969675926,0.09696300900069431,0.02331767855558675,0.05328845021518993,-0.08026118977855431,-0.001243942403247367
43,0.5161795998582728,0.13053912952148075,0.0970546749139269,-0.020554327426816326,-0.10016704721667874,-0.07824813553489533,-0.013319883309261678
44,0.6258002087958449,0.1477087866877574,0.24551752884233502,0.00022654658144769543,-0.19626480126072002,-0.06500075227763746,-0.007262288687855713
45,0.6988660424698611,0.1303496277195951,0.22929507698723298,-0.023659450158236204,-0.1525460986480684,0.016040643949506477,-0.0014889462906843645
46,0.69,0.1118727536253249,0.19458207520320311,-0.05528629295802612,0.0039061016766334853,-0.06358015318279678,-0.0023696732748507265
47,0.7522218536625421,0.0630544872499693,0.1890064329350471,0.023407699536036518,0.04719164653954083,-0.07129910683018967,-1.4494678376588645e-05
48,0.563109659418823,0.024516569009639683,0.2519947813511328,-0.01785917774738295,-0.10490087664074126,-0.08744598940279961,-0.004070836061546286
49,0.5283360943893995,0.07734299426183201,0.12968588246972024,0.0037087870133575137,-0.059198850097021215,-0.11476410587209289,-0.009313802296912477
50,0.6880018254871204,0.1282605544104446,-0.05573488744038397,0.0367249158459566,0.058923071771187385,0.02177805996661002,-0.002825077977212251
51,0.77,0.11108164704476782,0.19358844270391923,-0.04161119716126372,0.12058345358038193,-0.10744876182897801,-0.007068773249337115
52,0.568379457907805,0.03999584184824127,0.17360502872835745,-0.03255171724568065,-0.028956484812167997,-0.07560199816787497,-0.008986401353589059
53,0.7293517769164278,0.1311910761746988,0.23814740464756146,-0.0340610957310848,-0.08377884346657448,-0.018993078059452006,-0.0040288755592349495
54,0.6883494219910787,0.059606991734190415,0.09493474390303326,0.051106450915955705,-0.0509116307219159,0.03702737312474142,-0.004289695875445038
55,0.6188660424698611,0.06050577640970665,0.20761402670273074,-0.007968531473453203,-0.19047644040383296,0.057089568896327006,-0.008773546572132722
56,0.6340561237276795,0.09136699290808852,0.2122237675315414,-0.07923112127856047,-0.033275642375363124,-0.04100933470515894,-0.01689372726338443
57,0.5260930589810598,0.07165234875312029,0.13689990022299198,-0.07690888439904928,-0.035097735526618525,-0.06983347125392618,-0.0014942877259748481
58,0.6679630647466197,0.14796064968881767,0.2135949190578995,-0.05997474529783778,-0.006567410199594675,-0.1290972718824856,0.0011717344693050712
59,0.554607395631285,0.06883581238143915,0.08046581742323233,-0.007726731713952437,-0.10066505877410115,0.012118386664082525,0.0007039807400681127
60,0.6,0.020133137156989,0.07840435129581597,0.0601532210783914,-0.15843739474536123,0.09311947708734165,0.005752019216305985
61,0.7230357350073359,0.10937616483934974,0.23275257228943613,0.0032431863012236392,-0.14196284703779768,0.021680292286194166,-0.0029288225815880036
62,0.554585528347268,0.028667005947003294,0.22501446887422083,0.024429334639173867,-0.16840060486723804,-0.05411679107658115,-0.001883074079830073
63,0.6354653088744601,0.07911000309586758,0.2506854363999584,0.002760243833349267,-0.1497005752518394,-0.040377563931290036,-0.007887424182099678
64,0.8288321213963167,0.08570586533879974,0.2604073060770768,0.025270676341468862,0.010947536015008454,-0.045384296424459965,-0.008990154862092503
65,0.8045043584071716,0.10310914756133542,0.24737595126576728,0.010437607574915325,-0.006886304336044001,-0.044211082810259664,-0.006196149759056738
66,0.6798889969822867,0.1361762304620221,0.19258824085057405,-0.06309752098425643,-0.05540717904805442,-0.032643692594358724,0.001397729385846691
67,0.8,0.1925210298136229,0.28185644556847766,-0.005184916347939055,-0.15363527868354743,-0.012246849677724485,-0.004185619583400911
68,0.77,0.10363111684295274,0.20761049327990908,0.025608333203066214,-0.014678905227740503,-0.052878798452837994,-0.00016742855586511567
69,0.52,-0.0017740356951795595,0.2348039206559907,-0.11977118842957726,-0.045201553475242844,-0.038399783663585575,-0.010532548302925179
70,0.688866042469861,0.09522168095457834,0.20991099556343149,-0.015998453079515036,-0.11315350266901548,0.023906405616371133,-0.01189627282650155
71,0.6,0.0778241042832237,0.21105218489915858,-0.05208928488150233,-0.061152850132060704,-0.0646795812175506,-0.011829761861778865
72,0.7058120707209983,0.15116909957152175,0.2195596311091771,-0.0568784710682752,-0.032048212410395974,-0.06790831615738711,-0.008956849234161865
73,0.6123955503001478,0.05013208149921169,0.17386023559189692,0.011325995486791666,-0.07085547684738995,-0.047539755466897704,-0.005402718873977419
74,0.7741911145171894,0.1455994018986051,0.21590267404083205,0.045444233411902124,-0.15404815213522505,0.0233990226651538,-0.002981254274588635
75,0.5762726901313662,0.0659633548710813,0.1945857335484159,0.003873487952238761,-0.10998666317438638,-0.07750257488572389,-0.0015358370907776133
76,0.8279630647466197,0.09594641219571162,0.18649474292130372,0.03278487733836108,0.06405956166551928,-0.04314231997732769,-0.009055398307460796
77,0.58,-0.008360242491289659,0.15645006639996073,0.042950760255237246,-0.06275433668930407,-0.046128259209628035,-0.003033177175489271
78,0.8,0.05458653114183161,0.18000022322623072,-0.02679375114714948,0.12180114352910473,-0.020283976389998702,-0.010185359270532905
79,0.6655881726403717,0.07017670022459406,0.19725396085007346,-0.04833154827576983,0.05606317333214977,-0.10338616240959678,-0.007063139991592257
80,0.61,-0.03468967370501827,0.02507858569582117,0.008340258708527412,0.06421592427561945,0.044384330450212436,0.0017953856643209691
81,0.68,0.03637430903592536,0.16044804845050212,-0.026420979933392902,0.11689356733922654,-0.09895189695037339,-0.009218236852402069
82,0.6182649850239498,0.04979896389373545,0.09837862553656718,0.0450393055682628,-0.06344617428458191,-0.014153113494516959,0.0017721888939658673
83,0.64,-0.015461897091994142,0.1907754903136058,-0.05207936311536531,0.1006470745184801,-0.07357997841136914,-0.011176515123869595
84,0.84,-0.047987768010640766,0.24743399954503695,0.004611165665844193,0.18707404078748185,-0.047608074676647336,-0.004398552221592049
85,0.97,0.08327927681304868,0.20395502368613236,-0.020434675479512394,0.16537995511409753,0.04036145076763095,-0.003416219811915368
86,0.5969140526599238,0.07531503395366186,0.23994339820778673,-0.05717224128079169,-0.07852643477889341,-0.06719933294227495,-0.01632155941007743
87,0.6513793113441014,0.09112493174164311,0.12184444147124639,0.009303784846822732,-0.036319816702628155,-0.014703998818394909,-0.020745220105103244
88,0.64,-0.03758669357109208,-0.026310677257252713,-0.04733728387890858,0.26050260286780624,0.0028129839526757146,-0.012956121023743534
89,0.728386336076985,0.039756191074791204,0.11281516079537401,0.004754259268028822,-0.011656967552214232,0.08724556110946902,-0.005403057528979789
90,0.6625520885585269,-0.07611556832422857,0.2731570771526129,-0.009437915531601587,-0.042406191993009275,0.015429864753785815,0.0010496335904525117
91,0.52,-0.025237689675319717,0.13470134557424496,0.03540986292026356,-0.1575495490251537,0.03666632410585077,-0.004865482810401429
92,0.7929515208082951,0.14369838534574744,0.23469230380854356,-0.041316411158518265,-0.019125639341016847,-0.024065795206791245,-0.0018065115501867046
93,0.62,0.02519647803919789,0.08474114701043,0.030565461668436184,-0.010885811144130153,-0.014550721888112248,0.004058257403661185
94,0.82,0.00465596801086044,0.17075592766986344,-0.018146403989949402,0.21322321357476734,-0.034831439855605904,-0.016532454320450158
95,0.77,0.06282825135021153,0.27313611948242006,0.06724927286064056,-0.13866510469726126,0.015001209957876224,-0.010424937864402186
96,0.53,-0.08997207823352327,-0.02528420662325252,0.021247505419403033,-0.009944627129744862,0.011141402709343917,0.121936814947264
97,0.5649349257605837,-0.08518096836983519,0.1265150474245739,0.04399114349607378,-0.0012735085323067323,-0.017797715369720926,-0.002194261798715565
98,0.58,0.0036994853741957206,0.15121986338525148,-0.003925294686849444,-0.03122936957942206,-0.07424255992072509,0.03360268651703756
99,0.8828151891515705,0.15261348175935108,0.2582044686392411,-0.003922548849293476,0.011044723975219155,-0.036465932326715994,0.0004658070432508889
100,0.8273231876164219,0.08883291234750687,0.19141569638781308,0.018611099470868437,0.05106641723068174,-0.02182135181655226,-0.0016567749144096508
101,0.5647921719631006,0.06513760980101019,0.11988686720699702,-0.039882931756295446,0.05471156361019175,-0.12538808806287202,-0.010548037746445122
102,0.5958401626042205,0.002235495386247648,-0.08192593600815155,0.04115893851103599,0.04290227464840905,0.0860893806960079,0.004504820460156457
103,0.63,0.10326551715802432,0.23224171032539023,-0.05079891960014113,-0.07858130647500661,-0.06899465233921431,-0.008007537979559894
104,0.8479279377776651,0.1739581924445382,0.2781173491831151,0.02994939651111128,-0.12698764745233354,-0.0017597748522898942,-0.006224766966985199
105,0.63,0.07597468679323306,0.1769767921121079,-0.06338976444836346,0.058139780775005534,-0.11857680703099939,1.2288850330913492e-07
106,0.59,0.02762587086141292,0.19494207184864135,-0.16157838103383965,0.19702915768425389,-0.1562426120255874,-0.01265129624540483
107,0.6383537713098623,0.053356935129270325,-0.012323626172305762,0.07068368710640964,0.015263127179179048,0.010277125462484531,0.00022133369431160958
108,0.5556120286543259,0.025067394007800187,0.22767063819095834,0.02511796810044118,-0.18311977198615992,-0.01942115272155891,-0.02057823584767493
109,0.96,0.09950707042892382,0.26685793428469384,0.008708715676496441,0.12655675045602535,-0.03157412220153752,-0.010931537555120472
110,0.5977001093930037,0.03522022752476423,0.23449007708688427,-0.041398532147338546,-0.14539974582334364,0.01771780354672989,-0.003804909705211269
111,0.6047554795050135,0.11373510189475594,0.21974131773467562,-0.04412325273952414,-0.14613985901921597,-0.029671013119041693,-0.009662004157149606
112,0.5472270165111986,0.13594568313598931,0.219745811171113,-0.008392798316852556,-0.11837608002297209,-0.17850434597447415,-0.004066442392118304
113,0.9,0.06420381203276178,0.17762585520226135,0.005908511836553424,0.15097709295541048,0.00217544825217965,-0.0017659091896759034
114,0.73,-0.005947943845787357,0.13368218234538512,0.017525414651932816,0.07103139565422802,0.021619783609261145,-0.00878602132553537
115,0.5109814020493836,0.08538100409080804,0.15692340599749652,-0.013007008481931712,-0.10284075112237472,-0.11152925770359252,-0.004821179641535659
116,0.83,0.028151606428405616,0.024699707400260427,-0.0025895142061121675,0.2767121841770254,0.006724694106751429,-0.004573866816844007
117,0.54,-0.12390044188394114,0.11380156818318199,-0.03516509691585537,0.22289487960090906,-0.1224611391458478,-0.016044958748960867
118,0.56,-0.06632825788238779,0.25492618911349213,-0.05637656230434957,-0.019416460542890777,-0.04638163342580865,-0.007298463868570849
119,0.6872705453809761,0.1680546045996283,0.25411218842527405,0.0015654306914265324,-0.1489485391502067,-0.08246904153239061,-0.0059192865632663235
120,0.8210585415216488,0.151593467901758,0.2561864742673698,0.027793605224063413,-0.08537336285492886,-0.027323676471242404,-0.0026931554558858564
121,0.64,0.06463224172316066,-0.10702611800025986,0.037436373606437985,0.05142927250545494,0.08849572667567063,0.0041573145790190355
122,0.96,0.1032780236372728,0.23551094440719764,0.02072104448021894,0.07525002158068661,0.025537572112369625,-0.0011727951282641455
123,0.52,0.05868234758696117,0.18132209046211095,-0.163337975496189,0.13349240335445642,-0.1835372839211813,-0.007496770896674579
124,0.7797231376617995,0.07466648574428181,0.23005933127459804,-0.015160380207437887,0.10348801984883021,-0.10653503246905903,-0.007670475439925884
125,0.52,-0.013943235780999997,0.07815171268288186,-0.03449845628085665,0.011319094710911724,-0.01580375739186586,-0.006100546850587426
126,0.6593989425540886,0.04285519216135826,-0.010140645011858167,0.04066725740198813,0.08310744579759097,0.006042915823086972,-0.004008412528591549
127,0.568379457907805,0.03999584184824127,0.17360502872835745,-0.03255171724568065,-0.028956484812167997,-0.07560199816787497,-0.008986401353589059
128,0.5100784243261423,0.08015572973575903,0.18395748786178526,0.017547778072999207,-0.14991885608862265,-0.11537259192821055,-0.007166312238079183
129,0.9468291072164808,0.1557102305565199,0.26973460093242696,0.047951283792593655,0.03721114579331438,-0.06489732644404174,0.00024398367515037075
130,0.6,0.09410100411358045,0.057941875961809906,-0.011532532208482923,-0.021227995305917055,0.0022148299560883888,-0.02237237142759443
131,0.6168291072164809,0.04451999267731807,0.13785625547815017,-0.026429646068186187,-0.011178934286602417,-0.019339711886232555,-0.009474037608481088
132,0.5868181191878984,0.13105304047743327,0.1350638830260623,-3.868599140935281e-05,-0.08896778081990077,-0.07284562261267293,-0.018321903802133766
133,0.55,0.018507501526839817,0.030878674748700086,0.02833437767198805,0.023057701951082737,-0.04257969318729264,-0.009073751621836141
134,0.56,-0.13858603621672874,0.20393564461287728,-0.0009638614198825556,0.08263197443888531,-0.062349594767437254,-0.025543315558228717
135,0.84,0.1272014172576757,0.1833206427348135,0.06626737347468424,-0.07917708934533786,0.042581881212684664,-0.0010694142450310502
136,0.6695911026766997,0.10448933190251394,0.21977163524356466,-0.05135962450273125,-0.15503901617222066,0.057245275410354075,-0.006391688115294584
137,0.5783903286520921,0.008264408710431645,0.09097555091847198,0.019883537978586316,-0.11819355912745913,0.07874687361724275,-0.002161672355694676
138,0.86,-0.036995368538765686,0.09045717399810381,-0.034565801425947326,0.3024875363707688,0.04060068491470063,-0.0028594142293745083
139,0.5268291072164808,0.09870405991796538,0.1903907573127811,-0.059140111908504454,-0.09258188999692318,-0.10714937893229329,-0.0042695180870600735
140,0.5670666783443402,0.04446047599441055,0.18721964021786744,0.041164130430435195,-0.13747009997136778,-0.06522972401911085,-0.003952933218404934
141,0.82,0.0195372137049727,0.2594878074631258,-0.003764559625599286,0.13685392024948764,-0.07782314921470199,-0.015166421487800874
142,0.8358041887769369,0.12117721217000924,0.2476236252085492,-0.035690178615294346,0.032863999572491365,-0.020823427265203222,-0.010222231204132511
143,0.7279630647466198,-0.0036255016787850375,0.22082257178091447,0.0007575457852278483,0.05329602537481776,-0.030556704129320027,-0.013606061296750882
144,0.63,-0.06617471338226509,0.1589290233359692,-0.02420223267418432,0.11615342775368949,-0.056326211367531666,0.0007455174238091844
145,0.5563917270319706,-0.01217121031300793,0.024646595099835047,0.014637148794785938,0.1519182394414686,-0.11203666455863748,-0.011477570342983493
146,0.5088660424698611,0.016838541548836693,-0.08761499211316977,0.02345951460142462,0.03179272049426293,0.02693877187975686,-0.0034237028517653356
147,0.64,0.05185618725021602,0.10488547944991596,0.03465447915439876,-0.06715108167886778,0.01447035479203809,0.00040939212178247236
148,0.8877320849397222,0.0749736769509552,0.2269727137368606,0.02156239072611911,0.19422406156542626,-0.12469649162280079,-0.00617945532735768
149,0.59,-0.04828660247005557,0.2086646653524856,-0.020298873510769377,0.09200077290425347,-0.13270795836945304,-0.010247192816974423
150,0.7601701534827593,0.13615985400407957,0.1936646708527052,0.03753852950328889,-0.12553334401716265,0.019303141222905253,-0.0018378869935683857
151,0.5,-0.03621760954223646,0.09617486081802011,-0.002978499335793058,0.008855594481032295,-0.02777394905842954,-0.038935586273111465
152,0.56,0.04482616800812874,0.036532124705900476,-0.02696144776393985,0.11828634869868979,-0.08144978614776786,-0.03210859641152221
153,0.65,0.038659924420880766,0.23842756481944555,0.039312038920343836,-0.1085323952960071,-0.05549764345054521,-0.003244678324632392
154,0.5524127508014403,0.07950196089362688,0.18154797497152372,0.026046684346656655,-0.11369911488737625,-0.12703833262120925,0.0051783891877056325
155,0.8176497538684053,0.10891839283742824,0.20456347674192257,-0.03622760568855628,0.018812528700118937,0.02817411076995967,-0.0074663384029809545
156,0.54,-0.021955257020323193,-0.044232649174210395,-0.002650606422942221,0.21706502804912495,-0.10271593615964557,-0.006385768182519386
157,0.5750757129710992,0.019046789905681292,0.04791203673778863,0.03722663745094727,-0.08006659722330496,0.055565942619735006,-0.005484285430264098
158,0.6019854230037496,0.10560256459045712,0.22577890702080247,-0.01398308986526435,-0.09809094444441327,-0.10084038361044331,-0.017356819597905773
159,0.5305475852729429,0.047324068074828814,0.19107161817026794,-0.05310603378704288,-0.06229746311857439,-0.08861873918483083,-0.004701053792222895
160,0.5888660424698611,-0.00025579933446370626,0.010679302831771216,-0.024556550490721,0.19088436273288714,-0.07188989358214505,-0.016870568597983766
161,0.8283428518425765,0.10529277608323638,0.1887911230069141,-0.0011710163992007033,0.044099470133715596,-0.005417410969478354,-0.004127278923125576
162,0.5268291072164808,0.09870405991796538,0.1903907573127811,-0.059140111908504454,-0.09258188999692318,-0.10714937893229329,-0.0042695180870600735
163,0.7195911026766997,0.05074630410286369,0.24541223610998658,-0.0608935103548752,0.049041246069991606,-0.06123175586603031,-0.004358606295755034
164,0.7,0.02053215793515973,-0.06101258265218546,0.054026604226414664,0.1528870432967044,0.03145566186796327,0.0012359264154326367
165,0.82,0.08062580612366488,0.22411061709475877,-0.06092779875700128,0.16893534607521493,-0.08558569622059971,-0.008033463226554842
166,0.65,0.12406819341750949,0.0069051963955061475,-0.012651376376403695,-0.0050440621980435245,0.04930401912508995,-0.013457159274172441
167,0.74541716819043,0.0818319807499826,0.2110046945994516,-0.027901567156798153,-0.04364036954584574,-0.023909321795374073,0.04715656242849595
168,0.5463520525314968,0.04332037070807933,0.14749323596874317,-0.07437951130015885,0.01205944966536999,-0.0801718283201259,-0.002844853100926261
169,0.6678689556860213,0.11091193684242785,0.26829180467048985,-0.028848466521122763,-0.10185260614282818,-0.08218855603160707,0.0006796539581503679
170,0.9,0.070584926581704,0.2419785256616381,0.028977109404803598,0.017962392041502,0.03312996279147177,0.0064918946083640326
171,0.7383903286520921,0.08472567977190076,0.2121265878800963,-0.056610187024602535,0.11705282386153251,-0.10916284250253568,-0.010616922244815016
172,0.9593989425540888,0.10556559165035768,0.2565744177326489,-0.013935398277634861,0.14959280477223233,-0.03202418335269245,-0.007249478881336493
173,0.63,0.05331930532196644,0.17845149103587507,0.010993799762642954,-0.05521773381996202,-0.05283313301153725,-0.005588918199499162
174,0.7379630647466198,0.16097964457979727,0.27449420558549875,0.014935847496383848,-0.07514798392769721,-0.1331476427511831,-0.0050261951466887955
175,0.5611513995287614,0.10918209245503456,0.23643639400954433,-0.014927336999304017,-0.09258720063965854,-0.1762238369362891,-0.0016039012710792617
176,0.69,0.008480220772682056,-0.0016665837795240253,0.051324366232759114,0.03536092169856135,0.09431865572562054,0.0013072304393856495
177,0.6,0.015134995661252105,-0.047191461517670424,0.04034886997261669,-0.018284965917570548,0.11445463913702061,-0.005337266246163428
178,0.8414925666432179,0.1382582855282446,0.2598385874677914,0.065708461410512,-0.047141724834972656,-0.06841503818692792,-0.007631193651945721
179,0.54,0.06241270520686831,0.22251737269725336,0.00775061850489958,-0.07258929271771877,-0.17147398315880144,-0.009492609443016045
180,0.6047085251612626,0.09939073241529137,0.11329962295589167,0.017635253407263234,-0.12025742068884032,-0.004207175653198064,-0.002027676185658027
181,0.94,0.16476791042783817,0.25269843728874364,0.033419929380649006,0.03316318936204541,-0.038853849210626824,-0.006070806159170252
182,0.8201248526659954,0.17807834698251646,0.24867482167860416,0.0018255282565773298,-0.04707686052989385,-0.05299668952485571,-0.009255483107472488
183,0.97,0.10551453056297061,0.2471352666758472,0.02709300739482557,0.1839285236987886,-0.09129648611865279,-0.003250031124296514
184,0.5271310274938109,-0.03959133253559077,0.00579277206561953,0.028359421759812143,0.10931636442059325,-0.0705560123018595,-0.007065374825277889
185,0.5252114011063473,0.012100281781595322,-0.03453490964917926,0.019115698660896945,0.07230611126336131,-0.03817702905225827,-0.0064739408085862996
186,0.678390328652092,0.024392434903860567,0.13880742264948467,-0.027614187694090252,0.1559345287352891,-0.1056588512981606,-0.008346207554800228
187,0.82,0.10837618401009338,0.23712139340007007,0.0801415604074378,-0.12075816875467034,0.01615176566218608,-0.0019079236356333025
188,0.7179630647466198,0.13490818074888022,0.060981666935737325,-0.008299974000875447,0.013864272200298889,0.015169887976798817,0.0004638419752657628
189,0.91,0.16773924527184594,0.2525332175876281,0.057606385769008076,0.007778334450402718,-0.07154889088893729,-0.004983481100461922
190,0.78,0.04726596178283182,0.2157089745341971,-0.014741081015595183,0.12482343247297738,-0.06695594538193862,-0.026976531302982942
191,0.94,0.11455644846422981,0.22158715174529248,0.06088493897974454,0.13454898878859226,-0.09179793836601403,-0.0006547785223569023
192,0.6653960125177606,0.1028859520382709,0.14262858371863685,0.045786793558556305,-0.16433746779973316,0.039639245614500614,-0.002082283522982857
193,0.5887978851081773,0.05975386670918065,0.23040806035324096,-0.01677590912076799,-0.18415920692078824,0.004859095722934465,-0.006163210546149915
194,0.6459261294932395,0.040019306424061006,0.25480768968333767,0.054234518055108656,-0.14390270163689645,-0.048177190197125686,-0.011930681745760598
195,0.6587161884550128,0.06072498613160711,0.22858870364336675,0.001643985653997964,-0.04954767759696608,-0.06766866557826971,-0.01590033270924103
196,0.5131986017466,0.07103742836847689,0.2208091769158734,-0.039592177081673174,-0.05537527209487522,-0.18247729836430673,-0.0020784449074099857
197,0.5159704071075286,0.10102250227281112,0.12458407234325834,-0.02993499837562075,-0.1613814448248373,-0.009992128893064929,-0.00920278432553294
198,0.56,0.010800079996904835,0.008222245269597611,-0.015570239028438763,-0.003453603844012441,0.017447563095030448,0.04167876560040093
199,0.8828151891515705,0.15261348175935108,0.2582044686392411,-0.003922548849293476,0.011044723975219155,-0.036465932326715994,0.0004658070432508889
200,0.5289044908283205,0.046517513985170504,0.20800328498284845,-0.05542092771454413,-0.006556260612725117,-0.15287861087246962,-0.011635697850477234
201,0.5088660424698611,-0.021126709688043838,0.06390583956624937,-0.1197749448926711,0.11560670864375185,-0.029748441427605205,-0.0008715986423344738
202,0.6163592836811229,0.04601917417629823,0.2379164947818026,0.002336722242636864,-0.107067866027642,-0.05915734644250832,-0.00456308395998054
203,0.5670666783443402,0.04446047599441055,0.18721964021786744,0.041164130430435195,-0.13747009997136778,-0.06522972401911085,-0.003952933218404934
204,0.8488660424698611,0.10347881783604176,0.24173563871079487,0.025187944196839986,0.06546387015431604,-0.08835567592542462,0.00048025858677887734
205,0.7259261294932395,0.03209252677045541,0.001129368128077884,0.012360156530741106,0.25655993202461075,-0.06934777636936418,-0.007743266501798453
206,0.5655264163494383,0.022700196680809217,0.14824215282389877,0.044762236113064256,-0.03141164163952618,-0.1127991661143796,-0.006842550424942587
207,0.6259427428129013,0.03699332580081425,-0.06484617289162586,0.05018364085428807,0.01460457739988397,0.08790450855975995,0.00022767417926523718
208,0.54,-0.049499169193622676,0.05146021996719177,-0.039067827169778635,0.14753030361957473,-0.059429880223057986,-0.01186883591082235
209,0.5236793616789085,0.13761418164278724,0.2292945759976009,-0.04894668929796454,-0.18475049511366484,-0.09980959256800953,-0.010597807892355924
210,0.56,-0.003315169139486904,0.026862472109397732,0.018758853733056705,-0.032239696402625216,0.05189745832347274,-0.0028391075343319923
211,0.7183903286520921,0.00371746828949055,0.21210502694498212,0.05324204005425755,0.001703731197568681,-0.053513289488818866,0.00026016274409761743
212,0.7468291072164809,0.11935965239461584,0.22303322077793783,-0.019821862591573917,-0.128017280255147,0.056435632724598714,-0.005035444744462821
213,0.6978560877006496,0.17562601102631908,0.2399114032346037,0.0455809640272571,-0.24321414007189487,-0.01184508931203309,-0.009078250114121066
214,0.69,0.026115832069786325,0.3258415633133917,-0.012024445567169488,-0.09119266351515527,-0.05760543218459081,-0.0020100430267771443
215,0.8033972901201107,0.1567633390338686,0.24500263702423003,-0.04279810317007243,-0.014118174688777511,-0.03978384418929472,-0.0025437528003625903
216,0.8819941399273439,0.09281707666623835,0.297577370608427,0.044254793127382126,0.057381156640590444,-0.10875553471588538,-0.00215591130991952
217,0.65,0.015891706374636033,0.058786513100753605,0.03708722551962551,0.014534920397486625,0.02541927121581618,-0.0025948255188332835
218,0.6057335980448013,0.07124860949731814,0.1851122764064193,0.03781907377033455,-0.16095560808257986,-0.024683761748065507,-0.0036821807091355413
219,0.95,0.0889082172752774,0.1973074876603278,-0.03781275315459662,0.1995365648283276,0.00466247530167592,-0.0034771808215340446
220,0.8,0.10537475532145689,0.1894874564853211,0.020069704802251738,-0.059031420212079,0.0591480942274759,-0.015923779534941163
221,0.8831852837239414,0.1360741471103871,0.22987137090635726,0.0060658605763831,0.04852119332927991,-0.03127356226731671,-0.006948914841666903
222,0.6902353040802933,0.08782066369261621,0.24385182986616585,-0.023693262519288372,-0.0034906581821789635,-0.0998415295122823,-0.01528692817525677
223,0.6882649850239497,0.08135111771833636,0.24827321913711903,0.020356371994481398,-0.1462903930517194,-0.009790967962189093,-0.006509551722596344
224,0.5482194491213478,0.06639093719034407,0.23489316709858835,0.028219801243658332,-0.18822992725463816,-0.08696612217830818,-0.006963595888811853
225,0.7108204730642511,0.10375134707791121,0.2054042068459731,0.007095058840940196,-0.00974055691570949,-0.08745109820070636,-0.009113673494669712
226,0.98,0.09592825333862759,0.22951359591651563,0.009131456781577457,0.15347227300715338,-0.005802029538409588,-0.003118738415980875
227,0.59,-0.021195822321894726,0.14688734374205684,0.016255527211492548,0.04708439726303931,-0.08989706747599857,-0.010009567329209986
228,0.6326125950778273,0.13521305626026647,0.18512617536476328,-0.04883389438232606,-0.01609819883897404,-0.10992941958461835,-0.013740312651800266
229,0.6288660424698611,0.1063249265222738,0.17555240470465483,-0.027735590891701432,0.07707916100286466,-0.1931723388629207,-0.0100577089158262
230,0.5076530026647594,0.05250916269406714,0.1413584275662463,0.02322421429190907,-0.04880658510766483,-0.1489068470755566,-0.012600558614753989
231,0.568390328652092,0.07096099984769505,0.12199672335532098,-0.03195206402651837,-0.1553379504377419,0.073833588207887,-0.011986157205063155
232,0.765695149686342,0.05627228388057233,0.2020563289067765,0.01904947839199308,-0.05280592530115439,0.051552568997725014,-0.011304774100087019
233,0.5236793616789085,0.13761418164278724,0.2292945759976009,-0.04894668929796454,-0.18475049511366484,-0.09980959256800953,-0.010597807892355924
234,0.6096636484632868,0.06574913197317817,0.216637274030829,0.021710904370618327,-0.1372188777353508,-0.050761927068717363,-0.007328046017782697
235,0.6149563807005181,0.10668955634666975,0.18207300483322733,0.029486117202047978,-0.1435959342735298,-0.04527834352435952,-0.015293208794052531
236,0.6514277061983935,0.03772997640974663,0.206238460617435,-0.0169426046118108,-0.04141773136638304,-0.03490258197606486,-0.00015300178504430882
237,0.5693989425540886,-0.025190529438196135,0.046316091767591404,-0.004154331769752174,-0.02568543475751416,-0.035327584613619505,0.1125655424550665
238,0.51,0.011861124741348953,0.13960054678781617,-0.049607049222872075,-0.002082540749857349,-0.07881305979016519,-0.011834210676786314
239,0.87,0.029824084101346543,0.24303377020333056,0.006936939006504524,0.023619454151590107,0.01650633484169525,0.04920422878501699
240,0.6076314174260573,0.011421459285042143,-0.044942719949221575,0.0547466183026672,0.04256405041043923,0.04220134666029454,0.0007654738063175821
241,0.64,0.06003372495315682,0.17213383652379438,-0.08951079079947723,0.09954613571552437,-0.09631641811653523,-0.006761677186972128
242,0.9087523066733924,0.09267879168741652,0.2618181534600936,-0.007436697283226712,0.13350729414405818,-0.06675447566457945,-0.0059359485808805745
243,0.65,0.0535733790602171,0.21881091767531488,0.023483918712908832,-0.13756785515161182,-0.007584500172415365,-0.0015910490349270552
244,0.7250940922404305,0.10438822430157496,0.24175340038075116,-0.0014409624486041305,-0.026751332637284225,-0.0889091670530481,-0.004821259213468674
245,0.7316064152100704,0.05936098723600684,0.28230312236369337,-0.02115537536458823,-0.1017039868801857,0.013002822339615656,-0.001076343394986221
246,0.8594621346259905,0.06092027367559025,0.18837290068333604,-0.01999236397484414,0.12019394979386827,0.011925118706314311,-0.002832933168786564
247,0.7280803736125365,-0.003282245222846957,0.20698376327840465,-0.014667636011179902,0.13016838875184997,-0.08502595944636963,-0.006971126647840845
248,0.93,0.11600486584363624,0.2216003540879467,0.028279987453479746,0.16438420155400202,-0.09853254905278497,-0.0026120487967929845
249,0.73,0.11122544895054676,0.20980653611601174,-0.009584520421213265,-0.0015722681006480872,-0.0698517774077074,-0.01089860804750298
250,0.9172663206188052,0.10979824093668958,0.2756874848627479,0.038391418873818646,0.00010242667017743998,-0.00027266614623852104,-0.007315773488903634
251,0.9193989425540888,0.22394957323638645,0.2798582841619145,0.03648391121497781,-0.09224851090661974,-0.02846881890232269,-0.0010506851607551902
252,0.5754641698794444,0.026544291390982754,0.19811321377396296,-0.015299256943184073,-0.04913134325629734,-0.12689626561345627,0.041258341616921525
253,0.6383537713098623,0.053356935129270325,-0.012323626172305762,0.07068368710640964,0.015263127179179048,0.010277125462484531,0.00022133369431160958
254,0.684085478338434,0.10383174873095534,0.21467197910221134,0.05561010814496381,-0.13240517045284514,-0.04813370448457618,-0.010364671612792215
255,0.61,0.02622577394320404,0.05997495168529692,0.035617380840901686,0.05025728636082904,-0.05452695113040071,-0.008423630610344839
256,0.76,0.057918855629877475,0.22437846763126276,-0.08588228533293561,0.13820857730323943,-0.06364258894805248,-0.011856215193908273
257,0.7170013254778124,0.0922398984291377,0.25066647614778403,0.00885739266434391,-0.041965183164914044,-0.08649755138416368,-0.007174896124891327
258,0.7906481201032969,0.10167805071335988,0.22427827753162194,0.03737254564941024,0.0033002552395396557,-0.07144379259668489,-0.00541240534446503
259,0.69,0.052443083161987605,0.1701404977189242,-0.09241720663316327,0.15035483861861648,-0.08162104138554506,-0.00977536039133066
260,0.9598760210710396,0.10375521963566418,0.23421292859016912,0.035703737624232915,0.05458111070365909,0.023232868236519124,0.007514967370278128
261,0.7522393623404497,0.1385899318983886,0.25658779715505586,0.02695958964908183,-0.13804692158393542,-0.02606406228426949,-0.006662161404388304
262,0.6354653088744601,0.07911000309586758,0.2506854363999584,0.002760243833349267,-0.1497005752518394,-0.040377563931290036,-0.007887424182099678
263,0.8672712661088151,0.08612292068512066,0.19235709614811922,0.027086331251065705,0.04660621983400137,0.012291483918088696,0.0019320253619045987
264,0.64,0.07291141836532349,0.13114164373050488,-0.02448790450606397,0.0887841915090941,-0.05797491124791934,-0.07124962676144492
265,0.5965371161867956,0.08143357094202579,0.18995677057271748,0.0030870957562933953,0.016195477247289758,-0.18875050230617277,-0.006260484935873473
266,0.66,0.09967953704402623,0.07177504204379344,0.04108661613857979,-0.09320781034273294,0.03807162038027882,0.0017198058255359905
267,0.72,0.04426126034177643,-0.036418205414666005,0.04540806145268317,0.01828231348655489,0.14582247828331565,0.0017689029398174781
268,0.6485339174241672,0.0285853324914784,0.1660875186860959,-0.06094657750474272,0.048259576810048936,-0.027842402767093554,-0.006484719202132965
269,0.5587978851081774,0.020735501784997057,0.032643089455184016,0.034400461918147544,-0.06141847573491977,-0.060419048221255704,0.09198116699550575
270,0.51,0.06803735227361944,0.14448321312652385,-0.08308286047013053,0.046590363783341596,-0.1623611563540933,-0.00454210126977491
271,0.68,0.05114329959487498,0.212869273665156,0.0450937837839446,-0.12727094120095933,-0.0022619785367000715,-0.0004486262168306261
272,0.52,0.06951983974746734,0.1589409398001076,0.025263867005838533,-0.15242833049678223,-0.06701200190659164,-0.01515950306055493
273,0.945695149686342,0.15068983687452703,0.28374890372765865,0.06108397967924743,-0.11594206651188367,0.06351467085830938,0.0017246361479721231
274,0.71,-0.07060621279974595,0.07222289869428773,0.000931673726447633,0.16884811232840197,0.04208498499354047,-0.004356645853449071
275,0.8,0.12224373959222488,0.16584713553191854,-0.08687126915267109,0.17094504508661762,-0.06940194090530516,-0.0036378990632920556
276,0.67,0.07165362588994777,0.11416972757858214,-0.0265925509171068,0.10228790853348427,-0.07815639825947096,-0.01423750173595299
277,0.6259427428129013,0.03699332580081425,-0.06484617289162586,0.05018364085428807,0.01460457739988397,0.08790450855975995,0.00022767417926523718
278,0.6988660424698611,0.07915765721977167,0.24025710758315064,0.030153020334178226,-0.018588264670127367,-0.12929570505364388,-0.003692961853983579
279,0.6251662970516523,0.06768222848552577,0.07055210848958754,0.03436563075974351,-0.055968338625267705,0.008397091287099073,-0.0007376122555544807
280,0.5759348454399664,0.11896725545721618,0.22635873563750072,-0.032517716026568416,-0.14103564959633372,-0.07826851986441395,-0.01844444907794887
281,0.6695911026766997,0.10448933190251394,0.21977163524356466,-0.05135962450273125,-0.15503901617222066,0.057245275410354075,-0.006391688115294584
282,0.7431006626775846,0.10342626412279177,0.24810851665549252,-0.014954921114065252,-0.09237577249001211,0.00543170807558598,-0.007410321482724179
283,0.56,-0.048766847899877064,0.1740002472812535,-0.00462258633833531,-0.01447821577605104,-0.03268068122202491,-0.014327104955482646
284,0.6188660424698611,0.14608636861377497,0.03578173262344076,0.03769447017411707,-0.06088122755346374,-0.0372889830645582,-0.0034015072339644544
285,0.6168291072164809,0.08275964117335795,0.23441334974279315,-0.07411733636750822,-0.03235055355017658,-0.07978379320970082,-0.014967389482801283
286,0.6754895405418676,0.1618482667042787,0.09437146500440204,0.019267283828651827,0.017826717109743782,-0.11786856518201816,-0.0008308158337016502
287,0.688866042469861,0.09595049452594902,0.10602590094913557,0.04192577816226286,-0.007110678065150858,-0.05268755898743721,0.00388691697458782
288,0.8419055175333184,0.10122303716650324,0.2764503672789535,-0.047103782925298876,0.06406584152231552,-0.04878275182864204,-0.004822382591022918
289,0.7272270165111988,0.11613403013976736,0.23853287892914268,0.023238211874801844,-0.0617226323837958,-0.08775567319863689,-0.00207498776059728
290,0.6892587808984131,0.13358775102210832,0.25886391402525094,-0.011942874788603999,-0.1610223834580823,-0.031886941603020136,0.0007841267902467991
291,0.9688660424698612,0.0872558961547119,0.27984959115735103,0.0034355579152625265,0.16947668686217365,-0.0643054225712079,-0.007721455958937187
292,0.9076954260011808,0.1328361999515089,0.2299698092861361,0.016715922418818134,0.06820093317045793,-0.03547227921073852,-0.005430348525518553
293,0.8225598035159145,0.11923019353771995,0.20192179438623578,0.006366173421278629,0.02729755665887081,-0.029164925527831478,-0.003966177870870474
294,0.569546119726342,0.03657074060560267,0.23976429940625732,-0.03747476318541342,-0.08011345830201659,-0.07494126932632005,-0.015134618382283378
295,0.54,-0.014775338305937132,-0.163118657762691,-0.010680196254713059,0.15389140565317344,0.07953010883592207,-0.00572251107626799
296,0.55,-0.003312243200152596,0.017653535895052083,-0.1038716495008226,0.22035612405478525,-0.07529997768273652,-0.006400978476643116
297,0.51,0.12853412991909283,0.20162207662748752,-0.1474824556315292,-0.08058075882579151,-0.07718878424453235,-0.015779396755239972
298,0.5923233911979778,0.051358621482127775,-0.04457832569828086,0.0161704558700695,0.0034472010224292937,0.07140477428750909,-0.006354524676396737
299,0.5721075266493036,0.015194455129600954,0.0811363957573692,0.0009800786631605103,0.10233198689014457,-0.10312510948851357,-0.025285469212975288
300,0.7252084478399905,0.18015263306317283,0.25702311649145687,-0.005016086355618948,-0.09847833043466325,-0.10422233066153297,-0.005125743173334989
301,0.88,0.08123841600796217,0.24553545203202295,0.004301044714119436,0.08889720374748099,-0.027298616971730125,-0.013548688440372395
302,0.5595911026766998,0.09027625083170912,0.20752645752904708,-0.0471976633565173,-0.190861879644994,0.0063602932134561195,-0.007387544806519274
303,0.82,0.13460329438013943,0.2508788297700556,-0.020199997128677802,-0.10765858043302522,0.06356868504148432,-0.0020674205404890007
304,0.5293989425540887,-0.0015487894552563355,0.013832860300583309,0.014538056309452043,-0.08655861938947249,-0.059154729785347936,0.14741497566361578
305,0.7667007421337158,0.08210812802806361,0.19435392315184638,0.005605358498947531,0.014655269361021272,-0.028014921090296796,-0.0028822047263815293
306,0.8,0.08457617053252914,0.1591014945853716,-0.01940605672633736,0.146786581801832,-0.060424091604101435,-0.011509287499803763
307,0.75,0.06663757156146825,0.18203752669062884,0.041966845504566246,-0.0570989866995382,0.015684399710698863,-0.0001025456783368998
