instance_index,feature_name,feature_type,percentage_changed,num_changed,num_total,original_value,average_change,min_change,max_change,std_change,distribution,unique_values
0,decile1,numerical,0.0,0,10,3.0,,,,,,
0,decile3,numerical,0.0,0,10,1.0,,,,,,
0,fam_inc,categorical,0.0,0,10,2.0,,,,,{},
0,fulltime,categorical,0.0,0,10,2.0,,,,,{},
0,lsat,numerical,100.0,10,10,34.0,2.0,2.0,2.0,0.0,,
0,ugpa,numerical,0.0,0,10,3.7,,,,,,
1,decile1,numerical,0.0,0,10,2.0,,,,,,
1,decile3,numerical,0.0,0,10,2.0,,,,,,
1,fam_inc,categorical,0.0,0,10,4.0,,,,,{},
1,fulltime,categorical,0.0,0,10,1.0,,,,,{},
1,lsat,numerical,0.0,0,10,34.0,,,,,,
1,ugpa,numerical,100.0,10,10,2.9,-0.1,-0.1,-0.1,0.0,,
2,decile1,numerical,0.0,0,10,2.0,,,,,,
2,decile3,numerical,0.0,0,10,1.0,,,,,,
2,fam_inc,categorical,0.0,0,10,2.0,,,,,{},
2,fulltime,categorical,0.0,0,10,1.0,,,,,{},
2,lsat,numerical,0.0,0,10,36.0,,,,,,
2,ugpa,numerical,100.0,10,10,3.4,-0.2,-0.2,-0.2,0.0,,
3,decile1,numerical,0.0,0,10,4.0,,,,,,
3,decile3,numerical,0.0,0,10,7.0,,,,,,
3,fam_inc,categorical,0.0,0,10,3.0,,,,,{},
3,fulltime,categorical,0.0,0,10,2.0,,,,,{},
3,lsat,numerical,100.0,10,10,37.0,-1.0,-1.0,-1.0,0.0,,
3,ugpa,numerical,0.0,0,10,3.2,,,,,,
4,decile1,numerical,0.0,0,10,2.0,,,,,,
4,decile3,numerical,0.0,0,10,2.0,,,,,,
4,fam_inc,categorical,0.0,0,10,4.0,,,,,{},
4,fulltime,categorical,0.0,0,10,1.0,,,,,{},
4,lsat,numerical,0.0,0,10,34.0,,,,,,
4,ugpa,numerical,100.0,10,10,2.9,-0.1,-0.1,-0.1,0.0,,
5,decile1,numerical,0.0,0,10,9.0,,,,,,
5,decile3,numerical,0.0,0,10,9.0,,,,,,
5,fam_inc,categorical,0.0,0,10,4.0,,,,,{},
5,fulltime,categorical,0.0,0,10,1.0,,,,,{},
5,lsat,numerical,100.0,10,10,40.0,1.0,1.0,1.0,0.0,,
5,ugpa,numerical,0.0,0,10,3.3,,,,,,
6,decile1,numerical,0.0,0,10,3.0,,,,,,
6,decile3,numerical,0.0,0,10,4.0,,,,,,
6,fam_inc,categorical,0.0,0,10,4.0,,,,,{},
6,fulltime,categorical,0.0,0,10,1.0,,,,,{},
6,lsat,numerical,100.0,10,10,40.0,2.0,2.0,2.0,0.0,,
6,ugpa,numerical,0.0,0,10,2.8,,,,,,
7,decile1,numerical,0.0,0,10,3.0,,,,,,
7,decile3,numerical,0.0,0,10,3.0,,,,,,
7,fam_inc,categorical,0.0,0,10,4.0,,,,,{},
7,fulltime,categorical,0.0,0,10,1.0,,,,,{},
7,lsat,numerical,0.0,0,10,34.0,,,,,,
7,ugpa,numerical,100.0,10,10,2.6,0.1,0.1,0.1,0.0,,
8,decile1,numerical,0.0,0,10,7.0,,,,,,
8,decile3,numerical,0.0,0,10,7.0,,,,,,
8,fam_inc,categorical,0.0,0,10,4.0,,,,,{},
8,fulltime,categorical,0.0,0,10,1.0,,,,,{},
8,lsat,numerical,0.0,0,10,40.0,,,,,,
8,ugpa,numerical,100.0,10,10,2.6,-0.1,-0.1,-0.1,0.0,,
9,decile1,numerical,0.0,0,10,1.0,,,,,,
9,decile3,numerical,0.0,0,10,1.0,,,,,,
9,fam_inc,categorical,0.0,0,10,4.0,,,,,{},
9,fulltime,categorical,0.0,0,10,1.0,,,,,{},
9,lsat,numerical,100.0,10,10,34.0,1.0,1.0,1.0,0.0,,
9,ugpa,numerical,0.0,0,10,3.0,,,,,,
10,decile1,numerical,0.0,0,10,6.0,,,,,,
10,decile3,numerical,0.0,0,10,1.0,,,,,,
10,fam_inc,categorical,0.0,0,10,4.0,,,,,{},
10,fulltime,categorical,0.0,0,10,1.0,,,,,{},
10,lsat,numerical,100.0,10,10,28.0,10.0,10.0,10.0,0.0,,
10,ugpa,numerical,0.0,0,10,3.0,,,,,,
11,decile1,numerical,0.0,0,10,1.0,,,,,,
11,decile3,numerical,0.0,0,10,2.0,,,,,,
11,fam_inc,categorical,0.0,0,10,2.0,,,,,{},
11,fulltime,categorical,0.0,0,10,1.0,,,,,{},
11,lsat,numerical,100.0,10,10,32.0,-3.0,-3.0,-3.0,0.0,,
11,ugpa,numerical,0.0,0,10,3.4,,,,,,
12,decile1,numerical,0.0,0,10,1.0,,,,,,
12,decile3,numerical,0.0,0,10,1.0,,,,,,
12,fam_inc,categorical,0.0,0,10,2.0,,,,,{},
12,fulltime,categorical,0.0,0,10,1.0,,,,,{},
12,lsat,numerical,0.0,0,10,24.0,,,,,,
12,ugpa,numerical,100.0,10,10,3.0,0.1,0.1,0.1,0.0,,
13,decile1,numerical,0.0,0,10,1.0,,,,,,
13,decile3,numerical,0.0,0,10,4.0,,,,,,
13,fam_inc,categorical,0.0,0,10,4.0,,,,,{},
13,fulltime,categorical,0.0,0,10,2.0,,,,,{},
13,lsat,numerical,100.0,10,10,25.0,12.0,12.0,12.0,0.0,,
13,ugpa,numerical,0.0,0,10,2.4,,,,,,
14,decile1,numerical,0.0,0,10,2.0,,,,,,
14,decile3,numerical,0.0,0,10,1.0,,,,,,
14,fam_inc,categorical,0.0,0,10,4.0,,,,,{},
14,fulltime,categorical,0.0,0,10,1.0,,,,,{},
14,lsat,numerical,100.0,10,10,27.0,-4.0,-4.0,-4.0,0.0,,
14,ugpa,numerical,100.0,10,10,2.4,0.1,0.1,0.1,0.0,,
15,decile1,numerical,0.0,0,10,5.0,,,,,,
15,decile3,numerical,0.0,0,10,4.0,,,,,,
15,fam_inc,categorical,0.0,0,10,4.0,,,,,{},
15,fulltime,categorical,0.0,0,10,1.0,,,,,{},
15,lsat,numerical,100.0,10,10,30.0,-1.0,-1.0,-1.0,0.0,,
15,ugpa,numerical,0.0,0,10,3.0,,,,,,
16,decile1,numerical,0.0,0,10,2.0,,,,,,
16,decile3,numerical,0.0,0,10,1.0,,,,,,
16,fam_inc,categorical,0.0,0,10,3.0,,,,,{},
16,fulltime,categorical,0.0,0,10,1.0,,,,,{},
16,lsat,numerical,100.0,10,10,25.5,-1.5,-1.5,-1.5,0.0,,
16,ugpa,numerical,0.0,0,10,3.0,,,,,,
17,decile1,numerical,0.0,0,10,8.0,,,,,,
17,decile3,numerical,0.0,0,10,5.0,,,,,,
17,fam_inc,categorical,0.0,0,10,2.0,,,,,{},
17,fulltime,categorical,0.0,0,10,1.0,,,,,{},
17,lsat,numerical,100.0,10,10,21.0,7.0,7.0,7.0,0.0,,
17,ugpa,numerical,0.0,0,10,3.1,,,,,,
18,decile1,numerical,0.0,0,10,1.0,,,,,,
18,decile3,numerical,0.0,0,10,4.0,,,,,,
18,fam_inc,categorical,0.0,0,10,3.0,,,,,{},
18,fulltime,categorical,0.0,0,10,2.0,,,,,{},
18,lsat,numerical,100.0,10,10,24.0,7.0,7.0,7.0,0.0,,
18,ugpa,numerical,0.0,0,10,3.3,,,,,,
19,decile1,numerical,0.0,0,10,3.0,,,,,,
19,decile3,numerical,0.0,0,10,2.0,,,,,,
19,fam_inc,categorical,0.0,0,10,2.0,,,,,{},
19,fulltime,categorical,0.0,0,10,1.0,,,,,{},
19,lsat,numerical,100.0,10,10,38.0,-3.0,-3.0,-3.0,0.0,,
19,ugpa,numerical,0.0,0,10,2.8,,,,,,
20,decile1,numerical,0.0,0,10,5.0,,,,,,
20,decile3,numerical,0.0,0,10,3.0,,,,,,
20,fam_inc,categorical,100.0,10,10,3.0,,,,,"{""Upper-middle"": 10}",4.0
20,fulltime,categorical,0.0,0,10,2.0,,,,,{},
20,lsat,numerical,0.0,0,10,33.0,,,,,,
20,ugpa,numerical,0.0,0,10,3.2,,,,,,
21,decile1,numerical,0.0,0,10,1.0,,,,,,
21,decile3,numerical,0.0,0,10,1.0,,,,,,
21,fam_inc,categorical,0.0,0,10,3.0,,,,,{},
21,fulltime,categorical,0.0,0,10,1.0,,,,,{},
21,lsat,numerical,100.0,10,10,35.0,-0.5,-0.5,-0.5,0.0,,
21,ugpa,numerical,0.0,0,10,2.9,,,,,,
22,decile1,numerical,0.0,0,10,1.0,,,,,,
22,decile3,numerical,0.0,0,10,1.0,,,,,,
22,fam_inc,categorical,0.0,0,10,5.0,,,,,{},
22,fulltime,categorical,0.0,0,10,1.0,,,,,{},
22,lsat,numerical,100.0,10,10,31.0,-0.7,-0.7,-0.7,0.0,,
22,ugpa,numerical,100.0,10,10,2.7,-0.1,-0.1,-0.1,0.0,,
23,decile1,numerical,0.0,0,10,2.0,,,,,,
23,decile3,numerical,0.0,0,10,1.0,,,,,,
23,fam_inc,categorical,0.0,0,10,3.0,,,,,{},
23,fulltime,categorical,0.0,0,10,1.0,,,,,{},
23,lsat,numerical,100.0,10,10,28.0,-0.5,-0.5,-0.5,0.0,,
23,ugpa,numerical,100.0,10,10,2.7,0.2,0.2,0.2,0.0,,
24,decile1,numerical,0.0,0,10,6.0,,,,,,
24,decile3,numerical,0.0,0,10,2.0,,,,,,
24,fam_inc,categorical,0.0,0,10,4.0,,,,,{},
24,fulltime,categorical,0.0,0,10,1.0,,,,,{},
24,lsat,numerical,0.0,0,10,35.0,,,,,,
24,ugpa,numerical,100.0,10,10,2.8,0.1,0.1,0.1,0.0,,
25,decile1,numerical,0.0,0,10,3.0,,,,,,
25,decile3,numerical,0.0,0,10,2.0,,,,,,
25,fam_inc,categorical,0.0,0,10,3.0,,,,,{},
25,fulltime,categorical,0.0,0,10,1.0,,,,,{},
25,lsat,numerical,100.0,10,10,30.5,-1.0,-1.0,-1.0,0.0,,
25,ugpa,numerical,0.0,0,10,3.3,,,,,,
26,decile1,numerical,0.0,0,10,2.0,,,,,,
26,decile3,numerical,0.0,0,10,2.0,,,,,,
26,fam_inc,categorical,0.0,0,10,3.0,,,,,{},
26,fulltime,categorical,0.0,0,10,1.0,,,,,{},
26,lsat,numerical,100.0,10,10,31.0,-2.0,-2.0,-2.0,0.0,,
26,ugpa,numerical,0.0,0,10,3.7,,,,,,
27,decile1,numerical,0.0,0,10,1.0,,,,,,
27,decile3,numerical,0.0,0,10,1.0,,,,,,
27,fam_inc,categorical,0.0,0,10,4.0,,,,,{},
27,fulltime,categorical,0.0,0,10,1.0,,,,,{},
27,lsat,numerical,100.0,10,10,26.0,1.0,1.0,1.0,0.0,,
27,ugpa,numerical,0.0,0,10,2.3,,,,,,
28,decile1,numerical,0.0,0,10,6.0,,,,,,
28,decile3,numerical,0.0,0,10,2.0,,,,,,
28,fam_inc,categorical,0.0,0,10,3.0,,,,,{},
28,fulltime,categorical,0.0,0,10,1.0,,,,,{},
28,lsat,numerical,100.0,10,10,21.3,3.7,3.7,3.7,0.0,,
28,ugpa,numerical,100.0,10,10,3.2,-0.3,-0.3,-0.3,0.0,,
29,decile1,numerical,0.0,0,10,3.0,,,,,,
29,decile3,numerical,0.0,0,10,2.0,,,,,,
29,fam_inc,categorical,0.0,0,10,5.0,,,,,{},
29,fulltime,categorical,0.0,0,10,1.0,,,,,{},
29,lsat,numerical,100.0,10,10,35.0,-1.0,-1.0,-1.0,0.0,,
29,ugpa,numerical,0.0,0,10,3.4,,,,,,
30,decile1,numerical,0.0,0,10,2.0,,,,,,
30,decile3,numerical,0.0,0,10,1.0,,,,,,
30,fam_inc,categorical,0.0,0,10,2.0,,,,,{},
30,fulltime,categorical,0.0,0,10,1.0,,,,,{},
30,lsat,numerical,0.0,0,10,30.0,,,,,,
30,ugpa,numerical,100.0,10,10,3.2,0.1,0.1,0.1,0.0,,
31,decile1,numerical,0.0,0,10,3.0,,,,,,
31,decile3,numerical,0.0,0,10,2.0,,,,,,
31,fam_inc,categorical,0.0,0,10,3.0,,,,,{},
31,fulltime,categorical,0.0,0,10,1.0,,,,,{},
31,lsat,numerical,100.0,10,10,35.5,-1.5,-1.5,-1.5,0.0,,
31,ugpa,numerical,0.0,0,10,3.2,,,,,,
32,decile1,numerical,0.0,0,10,3.0,,,,,,
32,decile3,numerical,0.0,0,10,2.0,,,,,,
32,fam_inc,categorical,0.0,0,10,3.0,,,,,{},
32,fulltime,categorical,0.0,0,10,1.0,,,,,{},
32,lsat,numerical,0.0,0,10,29.3,,,,,,
32,ugpa,numerical,100.0,10,10,2.9,0.1,0.1,0.1,0.0,,
33,decile1,numerical,0.0,0,10,2.0,,,,,,
33,decile3,numerical,0.0,0,10,2.0,,,,,,
33,fam_inc,categorical,0.0,0,10,4.0,,,,,{},
33,fulltime,categorical,0.0,0,10,1.0,,,,,{},
33,lsat,numerical,100.0,10,10,25.0,1.5,1.5,1.5,0.0,,
33,ugpa,numerical,0.0,0,10,2.5,,,,,,
34,decile1,numerical,0.0,0,10,1.0,,,,,,
34,decile3,numerical,0.0,0,10,1.0,,,,,,
34,fam_inc,categorical,0.0,0,10,3.0,,,,,{},
34,fulltime,categorical,0.0,0,10,1.0,,,,,{},
34,lsat,numerical,100.0,10,10,24.0,-1.0,-1.0,-1.0,0.0,,
34,ugpa,numerical,0.0,0,10,2.6,,,,,,
35,decile1,numerical,0.0,0,10,1.0,,,,,,
35,decile3,numerical,0.0,0,10,1.0,,,,,,
35,fam_inc,categorical,0.0,0,10,4.0,,,,,{},
35,fulltime,categorical,0.0,0,10,1.0,,,,,{},
35,lsat,numerical,100.0,10,10,26.0,-1.0,-1.0,-1.0,0.0,,
35,ugpa,numerical,0.0,0,10,3.4,,,,,,
36,decile1,numerical,0.0,0,10,4.0,,,,,,
36,decile3,numerical,0.0,0,10,6.0,,,,,,
36,fam_inc,categorical,0.0,0,10,4.0,,,,,{},
36,fulltime,categorical,0.0,0,10,1.0,,,,,{},
36,lsat,numerical,100.0,10,10,32.5,-2.0,-2.0,-2.0,0.0,,
36,ugpa,numerical,0.0,0,10,2.9,,,,,,
37,decile1,numerical,0.0,0,10,2.0,,,,,,
37,decile3,numerical,0.0,0,10,1.0,,,,,,
37,fam_inc,categorical,0.0,0,10,3.0,,,,,{},
37,fulltime,categorical,0.0,0,10,1.0,,,,,{},
37,lsat,numerical,100.0,10,10,31.5,3.5,3.5,3.5,0.0,,
37,ugpa,numerical,0.0,0,10,2.6,,,,,,
38,decile1,numerical,0.0,0,10,4.0,,,,,,
38,decile3,numerical,0.0,0,10,3.0,,,,,,
38,fam_inc,categorical,0.0,0,10,2.0,,,,,{},
38,fulltime,categorical,0.0,0,10,2.0,,,,,{},
38,lsat,numerical,100.0,10,10,23.0,-5.0,-5.0,-5.0,0.0,,
38,ugpa,numerical,0.0,0,10,2.6,,,,,,
39,decile1,numerical,0.0,0,10,1.0,,,,,,
39,decile3,numerical,0.0,0,10,1.0,,,,,,
39,fam_inc,categorical,0.0,0,10,4.0,,,,,{},
39,fulltime,categorical,0.0,0,10,1.0,,,,,{},
39,lsat,numerical,100.0,10,10,37.0,1.0,1.0,1.0,0.0,,
39,ugpa,numerical,0.0,0,10,3.1,,,,,,
40,decile1,numerical,0.0,0,10,2.0,,,,,,
40,decile3,numerical,0.0,0,10,1.0,,,,,,
40,fam_inc,categorical,0.0,0,10,3.0,,,,,{},
40,fulltime,categorical,0.0,0,10,1.0,,,,,{},
40,lsat,numerical,100.0,10,10,36.0,1.5,1.5,1.5,0.0,,
40,ugpa,numerical,0.0,0,10,2.8,,,,,,
41,decile1,numerical,0.0,0,10,6.0,,,,,,
41,decile3,numerical,0.0,0,10,5.0,,,,,,
41,fam_inc,categorical,0.0,0,10,2.0,,,,,{},
41,fulltime,categorical,0.0,0,10,1.0,,,,,{},
41,lsat,numerical,0.0,0,10,31.0,,,,,,
41,ugpa,numerical,100.0,10,10,2.2,0.4,0.4,0.4,0.0,,
42,decile1,numerical,0.0,0,10,5.0,,,,,,
42,decile3,numerical,0.0,0,10,3.0,,,,,,
42,fam_inc,categorical,0.0,0,10,4.0,,,,,{},
42,fulltime,categorical,0.0,0,10,1.0,,,,,{},
42,lsat,numerical,0.0,0,10,33.0,,,,,,
42,ugpa,numerical,100.0,10,10,3.5,-0.1,-0.1,-0.1,0.0,,
43,decile1,numerical,0.0,0,10,1.0,,,,,,
43,decile3,numerical,0.0,0,10,2.0,,,,,,
43,fam_inc,categorical,0.0,0,10,3.0,,,,,{},
43,fulltime,categorical,0.0,0,10,1.0,,,,,{},
43,lsat,numerical,0.0,0,10,33.5,,,,,,
43,ugpa,numerical,100.0,10,10,2.9,0.1,0.1,0.1,0.0,,
44,decile1,numerical,0.0,0,10,1.0,,,,,,
44,decile3,numerical,0.0,0,10,1.0,,,,,,
44,fam_inc,categorical,0.0,0,10,4.0,,,,,{},
44,fulltime,categorical,0.0,0,10,1.0,,,,,{},
44,lsat,numerical,100.0,10,10,39.0,1.0,1.0,1.0,0.0,,
44,ugpa,numerical,0.0,0,10,2.7,,,,,,
45,decile1,numerical,0.0,0,10,1.0,,,,,,
45,decile3,numerical,0.0,0,10,1.0,,,,,,
45,fam_inc,categorical,0.0,0,10,3.0,,,,,{},
45,fulltime,categorical,0.0,0,10,1.0,,,,,{},
45,lsat,numerical,0.0,0,10,37.0,,,,,,
45,ugpa,numerical,100.0,10,10,2.5,-0.1,-0.1,-0.1,0.0,,
46,decile1,numerical,0.0,0,10,1.0,,,,,,
46,decile3,numerical,0.0,0,10,1.0,,,,,,
46,fam_inc,categorical,0.0,0,10,1.0,,,,,{},
46,fulltime,categorical,0.0,0,10,1.0,,,,,{},
46,lsat,numerical,100.0,10,10,27.5,-1.5,-1.5,-1.5,0.0,,
46,ugpa,numerical,100.0,10,10,3.5,0.1,0.1,0.1,0.0,,
47,decile1,numerical,0.0,0,10,2.0,,,,,,
47,decile3,numerical,0.0,0,10,2.0,,,,,,
47,fam_inc,categorical,0.0,0,10,4.0,,,,,{},
47,fulltime,categorical,0.0,0,10,1.0,,,,,{},
47,lsat,numerical,100.0,10,10,34.0,-1.0,-1.0,-1.0,0.0,,
47,ugpa,numerical,0.0,0,10,3.2,,,,,,
48,decile1,numerical,0.0,0,10,2.0,,,,,,
48,decile3,numerical,0.0,0,10,1.0,,,,,,
48,fam_inc,categorical,0.0,0,10,2.0,,,,,{},
48,fulltime,categorical,0.0,0,10,1.0,,,,,{},
48,lsat,numerical,0.0,0,10,35.5,,,,,,
48,ugpa,numerical,100.0,10,10,3.4,-0.2,-0.2,-0.2,0.0,,
49,decile1,numerical,0.0,0,10,3.0,,,,,,
49,decile3,numerical,0.0,0,10,2.0,,,,,,
49,fam_inc,categorical,0.0,0,10,3.0,,,,,{},
49,fulltime,categorical,0.0,0,10,1.0,,,,,{},
49,lsat,numerical,100.0,10,10,31.5,0.5,0.5,0.5,0.0,,
49,ugpa,numerical,0.0,0,10,3.1,,,,,,
50,decile1,numerical,0.0,0,10,4.0,,,,,,
50,decile3,numerical,0.0,0,10,5.0,,,,,,
50,fam_inc,categorical,0.0,0,10,4.0,,,,,{},
50,fulltime,categorical,0.0,0,10,1.0,,,,,{},
50,lsat,numerical,100.0,10,10,35.0,-0.5,-0.5,-0.5,0.0,,
50,ugpa,numerical,0.0,0,10,3.3,,,,,,
51,decile1,numerical,0.0,0,10,1.0,,,,,,
51,decile3,numerical,0.0,0,10,1.0,,,,,,
51,fam_inc,categorical,0.0,0,10,1.0,,,,,{},
51,fulltime,categorical,0.0,0,10,1.0,,,,,{},
51,lsat,numerical,100.0,10,10,24.0,1.5,1.5,1.5,0.0,,
51,ugpa,numerical,100.0,10,10,2.9,-0.1,-0.1,-0.1,0.0,,
52,decile1,numerical,0.0,0,10,2.0,,,,,,
52,decile3,numerical,0.0,0,10,2.0,,,,,,
52,fam_inc,categorical,0.0,0,10,3.0,,,,,{},
52,fulltime,categorical,0.0,0,10,1.0,,,,,{},
52,lsat,numerical,100.0,10,10,35.0,1.0,1.0,1.0,0.0,,
52,ugpa,numerical,0.0,0,10,3.2,,,,,,
53,decile1,numerical,0.0,0,10,1.0,,,,,,
53,decile3,numerical,0.0,0,10,1.0,,,,,,
53,fam_inc,categorical,0.0,0,10,4.0,,,,,{},
53,fulltime,categorical,0.0,0,10,1.0,,,,,{},
53,lsat,numerical,100.0,10,10,35.0,1.0,1.0,1.0,0.0,,
53,ugpa,numerical,0.0,0,10,3.2,,,,,,
54,decile1,numerical,0.0,0,10,4.0,,,,,,
54,decile3,numerical,0.0,0,10,3.0,,,,,,
54,fam_inc,categorical,0.0,0,10,4.0,,,,,{},
54,fulltime,categorical,0.0,0,10,1.0,,,,,{},
54,lsat,numerical,100.0,10,10,36.0,1.0,1.0,1.0,0.0,,
54,ugpa,numerical,0.0,0,10,3.2,,,,,,
55,decile1,numerical,0.0,0,10,2.0,,,,,,
55,decile3,numerical,0.0,0,10,1.0,,,,,,
55,fam_inc,categorical,0.0,0,10,3.0,,,,,{},
55,fulltime,categorical,0.0,0,10,1.0,,,,,{},
55,lsat,numerical,100.0,10,10,41.0,-3.0,-3.0,-3.0,0.0,,
55,ugpa,numerical,0.0,0,10,2.4,,,,,,
56,decile1,numerical,0.0,0,10,2.0,,,,,,
56,decile3,numerical,0.0,0,10,1.0,,,,,,
56,fam_inc,categorical,0.0,0,10,4.0,,,,,{},
56,fulltime,categorical,0.0,0,10,1.0,,,,,{},
56,lsat,numerical,100.0,10,10,28.5,1.0,1.0,1.0,0.0,,
56,ugpa,numerical,0.0,0,10,2.6,,,,,,
57,decile1,numerical,0.0,0,10,3.0,,,,,,
57,decile3,numerical,0.0,0,10,2.0,,,,,,
57,fam_inc,categorical,0.0,0,10,2.0,,,,,{},
57,fulltime,categorical,0.0,0,10,1.0,,,,,{},
57,lsat,numerical,100.0,10,10,29.0,1.5,1.5,1.5,0.0,,
57,ugpa,numerical,0.0,0,10,3.0,,,,,,
58,decile1,numerical,0.0,0,10,1.0,,,,,,
58,decile3,numerical,0.0,0,10,1.0,,,,,,
58,fam_inc,categorical,0.0,0,10,2.0,,,,,{},
58,fulltime,categorical,0.0,0,10,1.0,,,,,{},
58,lsat,numerical,100.0,10,10,31.0,-2.0,-2.0,-2.0,0.0,,
58,ugpa,numerical,0.0,0,10,3.6,,,,,,
59,decile1,numerical,0.0,0,10,3.0,,,,,,
59,decile3,numerical,0.0,0,10,3.0,,,,,,
59,fam_inc,categorical,0.0,0,10,3.0,,,,,{},
59,fulltime,categorical,0.0,0,10,1.0,,,,,{},
59,lsat,numerical,0.0,0,10,34.0,,,,,,
59,ugpa,numerical,100.0,10,10,2.8,-0.1,-0.1,-0.1,0.0,,
60,decile1,numerical,0.0,0,10,3.0,,,,,,
60,decile3,numerical,0.0,0,10,3.0,,,,,,
60,fam_inc,categorical,0.0,0,10,3.0,,,,,{},
60,fulltime,categorical,0.0,0,10,1.0,,,,,{},
60,lsat,numerical,0.0,0,10,40.0,,,,,,
60,ugpa,numerical,100.0,10,10,2.5,0.1,0.1,0.1,0.0,,
61,decile1,numerical,0.0,0,10,2.0,,,,,,
61,decile3,numerical,0.0,0,10,1.0,,,,,,
61,fam_inc,categorical,0.0,0,10,3.0,,,,,{},
61,fulltime,categorical,0.0,0,10,1.0,,,,,{},
61,lsat,numerical,100.0,10,10,39.0,1.0,1.0,1.0,0.0,,
61,ugpa,numerical,0.0,0,10,2.9,,,,,,
62,decile1,numerical,0.0,0,10,3.0,,,,,,
62,decile3,numerical,0.0,0,10,1.0,,,,,,
62,fam_inc,categorical,0.0,0,10,3.0,,,,,{},
62,fulltime,categorical,0.0,0,10,1.0,,,,,{},
62,lsat,numerical,100.0,10,10,37.0,2.0,2.0,2.0,0.0,,
62,ugpa,numerical,0.0,0,10,2.9,,,,,,
63,decile1,numerical,0.0,0,10,2.0,,,,,,
63,decile3,numerical,0.0,0,10,1.0,,,,,,
63,fam_inc,categorical,0.0,0,10,3.0,,,,,{},
63,fulltime,categorical,0.0,0,10,1.0,,,,,{},
63,lsat,numerical,0.0,0,10,36.0,,,,,,
63,ugpa,numerical,100.0,10,10,3.0,-0.1,-0.1,-0.1,0.0,,
64,decile1,numerical,0.0,0,10,2.0,,,,,,
64,decile3,numerical,0.0,0,10,1.0,,,,,,
64,fam_inc,categorical,0.0,0,10,3.0,,,,,{},
64,fulltime,categorical,0.0,0,10,1.0,,,,,{},
64,lsat,numerical,100.0,10,10,27.0,2.0,2.0,2.0,0.0,,
64,ugpa,numerical,100.0,10,10,2.6,-0.1,-0.1,-0.1,0.0,,
65,decile1,numerical,0.0,0,10,1.0,,,,,,
65,decile3,numerical,0.0,0,10,1.0,,,,,,
65,fam_inc,categorical,0.0,0,10,4.0,,,,,{},
65,fulltime,categorical,0.0,0,10,1.0,,,,,{},
65,lsat,numerical,100.0,10,10,31.0,1.0,1.0,1.0,0.0,,
65,ugpa,numerical,0.0,0,10,2.8,,,,,,
66,decile1,numerical,0.0,0,10,1.0,,,,,,
66,decile3,numerical,0.0,0,10,1.0,,,,,,
66,fam_inc,categorical,0.0,0,10,4.0,,,,,{},
66,fulltime,categorical,0.0,0,10,1.0,,,,,{},
66,lsat,numerical,100.0,10,10,32.0,-1.5,-1.5,-1.5,0.0,,
66,ugpa,numerical,0.0,0,10,2.9,,,,,,
67,decile1,numerical,0.0,0,10,1.0,,,,,,
67,decile3,numerical,0.0,0,10,1.0,,,,,,
67,fam_inc,categorical,0.0,0,10,4.0,,,,,{},
67,fulltime,categorical,0.0,0,10,1.0,,,,,{},
67,lsat,numerical,100.0,10,10,42.0,-2.5,-2.5,-2.5,0.0,,
67,ugpa,numerical,0.0,0,10,3.0,,,,,,
68,decile1,numerical,0.0,0,10,1.0,,,,,,
68,decile3,numerical,0.0,0,10,1.0,,,,,,
68,fam_inc,categorical,0.0,0,10,3.0,,,,,{},
68,fulltime,categorical,0.0,0,10,1.0,,,,,{},
68,lsat,numerical,100.0,10,10,30.0,2.0,2.0,2.0,0.0,,
68,ugpa,numerical,100.0,10,10,2.1,0.3,0.3,0.3,0.0,,
69,decile1,numerical,0.0,0,10,4.0,,,,,,
69,decile3,numerical,0.0,0,10,1.0,,,,,,
69,fam_inc,categorical,0.0,0,10,5.0,,,,,{},
69,fulltime,categorical,0.0,0,10,1.0,,,,,{},
69,lsat,numerical,0.0,0,10,30.0,,,,,,
69,ugpa,numerical,100.0,10,10,2.6,0.1,0.1,0.1,0.0,,
70,decile1,numerical,0.0,0,10,3.0,,,,,,
70,decile3,numerical,0.0,0,10,2.0,,,,,,
70,fam_inc,categorical,0.0,0,10,4.0,,,,,{},
70,fulltime,categorical,0.0,0,10,1.0,,,,,{},
70,lsat,numerical,100.0,10,10,37.0,-1.0,-1.0,-1.0,0.0,,
70,ugpa,numerical,0.0,0,10,2.8,,,,,,
71,decile1,numerical,0.0,0,10,2.0,,,,,,
71,decile3,numerical,0.0,0,10,1.0,,,,,,
71,fam_inc,categorical,0.0,0,10,4.0,,,,,{},
71,fulltime,categorical,0.0,0,10,1.0,,,,,{},
71,lsat,numerical,100.0,10,10,31.0,1.0,1.0,1.0,0.0,,
71,ugpa,numerical,0.0,0,10,2.5,,,,,,
72,decile1,numerical,0.0,0,10,1.0,,,,,,
72,decile3,numerical,0.0,0,10,1.0,,,,,,
72,fam_inc,categorical,0.0,0,10,2.0,,,,,{},
72,fulltime,categorical,0.0,0,10,1.0,,,,,{},
72,lsat,numerical,100.0,10,10,29.0,-2.0,-2.0,-2.0,0.0,,
72,ugpa,numerical,0.0,0,10,3.1,,,,,,
73,decile1,numerical,0.0,0,10,2.0,,,,,,
73,decile3,numerical,0.0,0,10,1.0,,,,,,
73,fam_inc,categorical,0.0,0,10,4.0,,,,,{},
73,fulltime,categorical,0.0,0,10,1.0,,,,,{},
73,lsat,numerical,100.0,10,10,35.0,0.5,0.5,0.5,0.0,,
73,ugpa,numerical,0.0,0,10,3.2,,,,,,
74,decile1,numerical,0.0,0,10,2.0,,,,,,
74,decile3,numerical,0.0,0,10,2.0,,,,,,
74,fam_inc,categorical,0.0,0,10,4.0,,,,,{},
74,fulltime,categorical,0.0,0,10,1.0,,,,,{},
74,lsat,numerical,0.0,0,10,43.0,,,,,,
74,ugpa,numerical,100.0,10,10,3.3,0.1,0.1,0.1,0.0,,
75,decile1,numerical,0.0,0,10,3.0,,,,,,
75,decile3,numerical,0.0,0,10,2.0,,,,,,
75,fam_inc,categorical,0.0,0,10,4.0,,,,,{},
75,fulltime,categorical,0.0,0,10,1.0,,,,,{},
75,lsat,numerical,100.0,10,10,35.5,0.5,0.5,0.5,0.0,,
75,ugpa,numerical,100.0,10,10,3.5,0.1,0.1,0.1,0.0,,
76,decile1,numerical,0.0,0,10,1.0,,,,,,
76,decile3,numerical,0.0,0,10,1.0,,,,,,
76,fam_inc,categorical,0.0,0,10,4.0,,,,,{},
76,fulltime,categorical,0.0,0,10,1.0,,,,,{},
76,lsat,numerical,100.0,10,10,21.0,2.0,2.0,2.0,0.0,,
76,ugpa,numerical,0.0,0,10,2.9,,,,,,
77,decile1,numerical,0.0,0,10,3.0,,,,,,
77,decile3,numerical,0.0,0,10,2.0,,,,,,
77,fam_inc,categorical,0.0,0,10,4.0,,,,,{},
77,fulltime,categorical,0.0,0,10,1.0,,,,,{},
77,lsat,numerical,100.0,10,10,34.0,0.5,0.5,0.5,0.0,,
77,ugpa,numerical,0.0,0,10,2.6,,,,,,
78,decile1,numerical,0.0,0,10,1.0,,,,,,
78,decile3,numerical,0.0,0,10,1.0,,,,,,
78,fam_inc,categorical,0.0,0,10,4.0,,,,,{},
78,fulltime,categorical,0.0,0,10,1.0,,,,,{},
78,lsat,numerical,0.0,0,10,24.5,,,,,,
78,ugpa,numerical,100.0,10,10,2.2,0.3,0.3,0.3,0.0,,
79,decile1,numerical,0.0,0,10,1.0,,,,,,
79,decile3,numerical,0.0,0,10,1.0,,,,,,
79,fam_inc,categorical,0.0,0,10,1.0,,,,,{},
79,fulltime,categorical,0.0,0,10,1.0,,,,,{},
79,lsat,numerical,100.0,10,10,26.5,1.5,1.5,1.5,0.0,,
79,ugpa,numerical,100.0,10,10,3.0,-0.1,-0.1,-0.1,0.0,,
80,decile1,numerical,0.0,0,10,6.0,,,,,,
80,decile3,numerical,0.0,0,10,4.0,,,,,,
80,fam_inc,categorical,0.0,0,10,4.0,,,,,{},
80,fulltime,categorical,0.0,0,10,1.0,,,,,{},
80,lsat,numerical,100.0,10,10,32.0,-1.5,-1.5,-1.5,0.0,,
80,ugpa,numerical,0.0,0,10,2.7,,,,,,
81,decile1,numerical,0.0,0,10,3.0,,,,,,
81,decile3,numerical,0.0,0,10,1.0,,,,,,
81,fam_inc,categorical,0.0,0,10,3.0,,,,,{},
81,fulltime,categorical,0.0,0,10,1.0,,,,,{},
81,lsat,numerical,100.0,10,10,18.0,9.0,9.0,9.0,0.0,,
81,ugpa,numerical,0.0,0,10,3.2,,,,,,
82,decile1,numerical,0.0,0,10,3.0,,,,,,
82,decile3,numerical,0.0,0,10,3.0,,,,,,
82,fam_inc,categorical,0.0,0,10,4.0,,,,,{},
82,fulltime,categorical,0.0,0,10,1.0,,,,,{},
82,lsat,numerical,100.0,10,10,36.0,1.0,1.0,1.0,0.0,,
82,ugpa,numerical,0.0,0,10,3.0,,,,,,
83,decile1,numerical,0.0,0,10,2.0,,,,,,
83,decile3,numerical,0.0,0,10,1.0,,,,,,
83,fam_inc,categorical,0.0,0,10,4.0,,,,,{},
83,fulltime,categorical,0.0,0,10,1.0,,,,,{},
83,lsat,numerical,0.0,0,10,20.0,,,,,,
83,ugpa,numerical,100.0,10,10,2.7,0.1,0.1,0.1,0.0,,
84,decile1,numerical,0.0,0,10,5.0,,,,,,
84,decile3,numerical,0.0,0,10,1.0,,,,,,
84,fam_inc,categorical,0.0,0,10,3.0,,,,,{},
84,fulltime,categorical,0.0,0,10,1.0,,,,,{},
84,lsat,numerical,100.0,10,10,20.0,14.0,14.0,14.0,0.0,,
84,ugpa,numerical,100.0,10,10,2.7,0.4,0.4,0.4,0.0,,
85,decile1,numerical,0.0,0,10,1.0,,,,,,
85,decile3,numerical,0.0,0,10,1.0,,,,,,
85,fam_inc,categorical,0.0,0,10,2.0,,,,,{},
85,fulltime,categorical,0.0,0,10,1.0,,,,,{},
85,lsat,numerical,100.0,10,10,23.5,7.5,7.5,7.5,0.0,,
85,ugpa,numerical,0.0,0,10,2.1,,,,,,
86,decile1,numerical,0.0,0,10,1.0,,,,,,
86,decile3,numerical,0.0,0,10,1.0,,,,,,
86,fam_inc,categorical,0.0,0,10,3.0,,,,,{},
86,fulltime,categorical,0.0,0,10,1.0,,,,,{},
86,lsat,numerical,100.0,10,10,33.0,-1.0,-1.0,-1.0,0.0,,
86,ugpa,numerical,0.0,0,10,3.0,,,,,,
87,decile1,numerical,0.0,0,10,3.0,,,,,,
87,decile3,numerical,0.0,0,10,2.0,,,,,,
87,fam_inc,categorical,0.0,0,10,3.0,,,,,{},
87,fulltime,categorical,0.0,0,10,1.0,,,,,{},
87,lsat,numerical,100.0,10,10,30.0,2.5,2.5,2.5,0.0,,
87,ugpa,numerical,0.0,0,10,2.8,,,,,,
88,decile1,numerical,0.0,0,10,3.0,,,,,,
88,decile3,numerical,0.0,0,10,4.0,,,,,,
88,fam_inc,categorical,0.0,0,10,4.0,,,,,{},
88,fulltime,categorical,0.0,0,10,1.0,,,,,{},
88,lsat,numerical,100.0,10,10,22.0,6.0,6.0,6.0,0.0,,
88,ugpa,numerical,0.0,0,10,2.2,,,,,,
89,decile1,numerical,0.0,0,10,5.0,,,,,,
89,decile3,numerical,0.0,0,10,4.0,,,,,,
89,fam_inc,categorical,0.0,0,10,4.0,,,,,{},
89,fulltime,categorical,0.0,0,10,1.0,,,,,{},
89,lsat,numerical,0.0,0,10,35.0,,,,,,
89,ugpa,numerical,100.0,10,10,3.0,-0.1,-0.1,-0.1,0.0,,
90,decile1,numerical,0.0,0,10,5.0,,,,,,
90,decile3,numerical,0.0,0,10,1.0,,,,,,
90,fam_inc,categorical,0.0,0,10,4.0,,,,,{},
90,fulltime,categorical,0.0,0,10,1.0,,,,,{},
90,lsat,numerical,0.0,0,10,34.0,,,,,,
90,ugpa,numerical,100.0,10,10,2.8,0.2,0.2,0.2,0.0,,
91,decile1,numerical,0.0,0,10,5.0,,,,,,
91,decile3,numerical,0.0,0,10,2.0,,,,,,
91,fam_inc,categorical,0.0,0,10,3.0,,,,,{},
91,fulltime,categorical,0.0,0,10,1.0,,,,,{},
91,lsat,numerical,100.0,10,10,42.0,-2.0,-2.0,-2.0,0.0,,
91,ugpa,numerical,0.0,0,10,2.4,,,,,,
92,decile1,numerical,0.0,0,10,1.0,,,,,,
92,decile3,numerical,0.0,0,10,1.0,,,,,,
92,fam_inc,categorical,0.0,0,10,4.0,,,,,{},
92,fulltime,categorical,0.0,0,10,1.0,,,,,{},
92,lsat,numerical,100.0,10,10,29.0,1.3,1.3,1.3,0.0,,
92,ugpa,numerical,0.0,0,10,2.9,,,,,,
93,decile1,numerical,0.0,0,10,3.0,,,,,,
93,decile3,numerical,0.0,0,10,3.0,,,,,,
93,fam_inc,categorical,0.0,0,10,4.0,,,,,{},
93,fulltime,categorical,0.0,0,10,1.0,,,,,{},
93,lsat,numerical,100.0,10,10,34.0,-0.3,-0.3,-0.3,0.0,,
93,ugpa,numerical,0.0,0,10,3.1,,,,,,
94,decile1,numerical,0.0,0,10,3.0,,,,,,
94,decile3,numerical,0.0,0,10,2.0,,,,,,
94,fam_inc,categorical,0.0,0,10,3.0,,,,,{},
94,fulltime,categorical,0.0,0,10,1.0,,,,,{},
94,lsat,numerical,100.0,10,10,24.0,-4.0,-4.0,-4.0,0.0,,
94,ugpa,numerical,0.0,0,10,2.6,,,,,,
95,decile1,numerical,0.0,0,10,2.0,,,,,,
95,decile3,numerical,0.0,0,10,1.0,,,,,,
95,fam_inc,categorical,0.0,0,10,3.0,,,,,{},
95,fulltime,categorical,0.0,0,10,1.0,,,,,{},
95,lsat,numerical,100.0,10,10,36.0,2.0,2.0,2.0,0.0,,
95,ugpa,numerical,0.0,0,10,2.7,,,,,,
96,decile1,numerical,0.0,0,10,8.0,,,,,,
96,decile3,numerical,0.0,0,10,6.0,,,,,,
96,fam_inc,categorical,0.0,0,10,3.0,,,,,{},
96,fulltime,categorical,0.0,0,10,2.0,,,,,{},
96,lsat,numerical,0.0,0,10,33.0,,,,,,
96,ugpa,numerical,100.0,10,10,3.1,0.1,0.1,0.1,0.0,,
97,decile1,numerical,0.0,0,10,5.0,,,,,,
97,decile3,numerical,0.0,0,10,3.0,,,,,,
97,fam_inc,categorical,0.0,0,10,4.0,,,,,{},
97,fulltime,categorical,0.0,0,10,1.0,,,,,{},
97,lsat,numerical,0.0,0,10,35.0,,,,,,
97,ugpa,numerical,100.0,10,10,3.4,-0.1,-0.1,-0.1,0.0,,
98,decile1,numerical,0.0,0,10,3.0,,,,,,
98,decile3,numerical,0.0,0,10,1.0,,,,,,
98,fam_inc,categorical,0.0,0,10,3.0,,,,,{},
98,fulltime,categorical,0.0,0,10,2.0,,,,,{},
98,lsat,numerical,100.0,10,10,27.0,8.0,8.0,8.0,0.0,,
98,ugpa,numerical,0.0,0,10,2.9,,,,,,
99,decile1,numerical,0.0,0,10,1.0,,,,,,
99,decile3,numerical,0.0,0,10,1.0,,,,,,
99,fam_inc,categorical,0.0,0,10,3.0,,,,,{},
99,fulltime,categorical,0.0,0,10,1.0,,,,,{},
99,lsat,numerical,100.0,10,10,29.0,0.3,0.3,0.3,0.0,,
99,ugpa,numerical,100.0,10,10,2.9,0.1,0.1,0.1,0.0,,
100,decile1,numerical,0.0,0,10,1.0,,,,,,
100,decile3,numerical,0.0,0,10,1.0,,,,,,
100,fam_inc,categorical,0.0,0,10,3.0,,,,,{},
100,fulltime,categorical,0.0,0,10,1.0,,,,,{},
100,lsat,numerical,0.0,0,10,28.0,,,,,,
100,ugpa,numerical,100.0,10,10,2.2,0.4,0.4,0.4,0.0,,
101,decile1,numerical,0.0,0,10,1.0,,,,,,
101,decile3,numerical,0.0,0,10,2.0,,,,,,
101,fam_inc,categorical,0.0,0,10,3.0,,,,,{},
101,fulltime,categorical,0.0,0,10,1.0,,,,,{},
101,lsat,numerical,0.0,0,10,28.0,,,,,,
101,ugpa,numerical,100.0,10,10,3.7,-0.1,-0.1,-0.1,0.0,,
102,decile1,numerical,0.0,0,10,9.0,,,,,,
102,decile3,numerical,0.0,0,10,9.0,,,,,,
102,fam_inc,categorical,0.0,0,10,4.0,,,,,{},
102,fulltime,categorical,0.0,0,10,1.0,,,,,{},
102,lsat,numerical,100.0,10,10,40.0,1.0,1.0,1.0,0.0,,
102,ugpa,numerical,0.0,0,10,3.3,,,,,,
103,decile1,numerical,0.0,0,10,1.0,,,,,,
103,decile3,numerical,0.0,0,10,1.0,,,,,,
103,fam_inc,categorical,0.0,0,10,4.0,,,,,{},
103,fulltime,categorical,0.0,0,10,1.0,,,,,{},
103,lsat,numerical,100.0,10,10,30.5,-0.5,-0.5,-0.5,0.0,,
103,ugpa,numerical,0.0,0,10,3.2,,,,,,
104,decile1,numerical,0.0,0,10,1.0,,,,,,
104,decile3,numerical,0.0,0,10,1.0,,,,,,
104,fam_inc,categorical,0.0,0,10,4.0,,,,,{},
104,fulltime,categorical,0.0,0,10,1.0,,,,,{},
104,lsat,numerical,100.0,10,10,40.0,1.0,1.0,1.0,0.0,,
104,ugpa,numerical,0.0,0,10,3.1,,,,,,
105,decile1,numerical,0.0,0,10,2.0,,,,,,
105,decile3,numerical,0.0,0,10,2.0,,,,,,
105,fam_inc,categorical,0.0,0,10,2.0,,,,,{},
105,fulltime,categorical,0.0,0,10,1.0,,,,,{},
105,lsat,numerical,100.0,10,10,28.0,0.5,0.5,0.5,0.0,,
105,ugpa,numerical,0.0,0,10,3.1,,,,,,
106,decile1,numerical,0.0,0,10,1.0,,,,,,
106,decile3,numerical,0.0,0,10,1.0,,,,,,
106,fam_inc,categorical,0.0,0,10,5.0,,,,,{},
106,fulltime,categorical,0.0,0,10,1.0,,,,,{},
106,lsat,numerical,100.0,10,10,22.5,5.0,5.0,5.0,0.0,,
106,ugpa,numerical,0.0,0,10,3.3,,,,,,
107,decile1,numerical,0.0,0,10,5.0,,,,,,
107,decile3,numerical,0.0,0,10,6.0,,,,,,
107,fam_inc,categorical,0.0,0,10,3.0,,,,,{},
107,fulltime,categorical,0.0,0,10,1.0,,,,,{},
107,lsat,numerical,100.0,10,10,39.0,-1.0,-1.0,-1.0,0.0,,
107,ugpa,numerical,0.0,0,10,3.6,,,,,,
108,decile1,numerical,0.0,0,10,2.0,,,,,,
108,decile3,numerical,0.0,0,10,1.0,,,,,,
108,fam_inc,categorical,0.0,0,10,3.0,,,,,{},
108,fulltime,categorical,0.0,0,10,1.0,,,,,{},
108,lsat,numerical,100.0,10,10,36.0,-1.0,-1.0,-1.0,0.0,,
108,ugpa,numerical,0.0,0,10,2.6,,,,,,
109,decile1,numerical,0.0,0,10,1.0,,,,,,
109,decile3,numerical,0.0,0,10,1.0,,,,,,
109,fam_inc,categorical,0.0,0,10,3.0,,,,,{},
109,fulltime,categorical,0.0,0,10,1.0,,,,,{},
109,lsat,numerical,100.0,10,10,25.0,2.0,2.0,2.0,0.0,,
109,ugpa,numerical,0.0,0,10,2.7,,,,,,
110,decile1,numerical,0.0,0,10,2.0,,,,,,
110,decile3,numerical,0.0,0,10,1.0,,,,,,
110,fam_inc,categorical,0.0,0,10,4.0,,,,,{},
110,fulltime,categorical,0.0,0,10,1.0,,,,,{},
110,lsat,numerical,100.0,10,10,38.0,-1.0,-1.0,-1.0,0.0,,
110,ugpa,numerical,0.0,0,10,2.9,,,,,,
111,decile1,numerical,0.0,0,10,1.0,,,,,,
111,decile3,numerical,0.0,0,10,1.0,,,,,,
111,fam_inc,categorical,0.0,0,10,4.0,,,,,{},
111,fulltime,categorical,0.0,0,10,1.0,,,,,{},
111,lsat,numerical,0.0,0,10,33.5,,,,,,
111,ugpa,numerical,100.0,10,10,2.9,-0.1,-0.1,-0.1,0.0,,
112,decile1,numerical,0.0,0,10,1.0,,,,,,
112,decile3,numerical,0.0,0,10,1.0,,,,,,
112,fam_inc,categorical,0.0,0,10,4.0,,,,,{},
112,fulltime,categorical,0.0,0,10,1.0,,,,,{},
112,lsat,numerical,100.0,10,10,37.0,1.0,1.0,1.0,0.0,,
112,ugpa,numerical,0.0,0,10,3.8,,,,,,
113,decile1,numerical,0.0,0,10,1.0,,,,,,
113,decile3,numerical,0.0,0,10,1.0,,,,,,
113,fam_inc,categorical,0.0,0,10,3.0,,,,,{},
113,fulltime,categorical,0.0,0,10,1.0,,,,,{},
113,lsat,numerical,100.0,10,10,19.3,3.2,3.2,3.2,0.0,,
113,ugpa,numerical,100.0,10,10,2.3,0.3,0.3,0.3,0.0,,
114,decile1,numerical,0.0,0,10,5.0,,,,,,
114,decile3,numerical,0.0,0,10,3.0,,,,,,
114,fam_inc,categorical,0.0,0,10,4.0,,,,,{},
114,fulltime,categorical,0.0,0,10,1.0,,,,,{},
114,lsat,numerical,100.0,10,10,31.0,-1.0,-1.0,-1.0,0.0,,
114,ugpa,numerical,0.0,0,10,2.7,,,,,,
115,decile1,numerical,0.0,0,10,3.0,,,,,,
115,decile3,numerical,0.0,0,10,2.0,,,,,,
115,fam_inc,categorical,0.0,0,10,4.0,,,,,{},
115,fulltime,categorical,0.0,0,10,1.0,,,,,{},
115,lsat,numerical,100.0,10,10,36.0,1.0,1.0,1.0,0.0,,
115,ugpa,numerical,0.0,0,10,3.3,,,,,,
116,decile1,numerical,0.0,0,10,5.0,,,,,,
116,decile3,numerical,0.0,0,10,4.0,,,,,,
116,fam_inc,categorical,0.0,0,10,3.0,,,,,{},
116,fulltime,categorical,0.0,0,10,1.0,,,,,{},
116,lsat,numerical,100.0,10,10,24.0,7.0,7.0,7.0,0.0,,
116,ugpa,numerical,0.0,0,10,2.6,,,,,,
117,decile1,numerical,0.0,0,10,7.0,,,,,,
117,decile3,numerical,0.0,0,10,2.0,,,,,,
117,fam_inc,categorical,0.0,0,10,3.0,,,,,{},
117,fulltime,categorical,0.0,0,10,1.0,,,,,{},
117,lsat,numerical,100.0,10,10,18.0,13.0,13.0,13.0,0.0,,
117,ugpa,numerical,0.0,0,10,2.7,,,,,,
118,decile1,numerical,0.0,0,10,4.0,,,,,,
118,decile3,numerical,0.0,0,10,1.0,,,,,,
118,fam_inc,categorical,0.0,0,10,2.0,,,,,{},
118,fulltime,categorical,0.0,0,10,1.0,,,,,{},
118,lsat,numerical,100.0,10,10,30.0,-2.0,-2.0,-2.0,0.0,,
118,ugpa,numerical,0.0,0,10,2.9,,,,,,
119,decile1,numerical,0.0,0,10,1.0,,,,,,
119,decile3,numerical,0.0,0,10,1.0,,,,,,
119,fam_inc,categorical,0.0,0,10,3.0,,,,,{},
119,fulltime,categorical,0.0,0,10,1.0,,,,,{},
119,lsat,numerical,100.0,10,10,38.0,-1.0,-1.0,-1.0,0.0,,
119,ugpa,numerical,0.0,0,10,3.4,,,,,,
120,decile1,numerical,0.0,0,10,1.0,,,,,,
120,decile3,numerical,0.0,0,10,1.0,,,,,,
120,fam_inc,categorical,0.0,0,10,3.0,,,,,{},
120,fulltime,categorical,0.0,0,10,1.0,,,,,{},
120,lsat,numerical,100.0,10,10,35.0,-0.5,-0.5,-0.5,0.0,,
120,ugpa,numerical,0.0,0,10,2.9,,,,,,
121,decile1,numerical,0.0,0,10,6.0,,,,,,
121,decile3,numerical,0.0,0,10,9.0,,,,,,
121,fam_inc,categorical,0.0,0,10,4.0,,,,,{},
121,fulltime,categorical,0.0,0,10,1.0,,,,,{},
121,lsat,numerical,0.0,0,10,35.0,,,,,,
121,ugpa,numerical,100.0,10,10,3.0,0.1,0.1,0.1,0.0,,
122,decile1,numerical,0.0,0,10,2.0,,,,,,
122,decile3,numerical,0.0,0,10,1.0,,,,,,
122,fam_inc,categorical,0.0,0,10,3.0,,,,,{},
122,fulltime,categorical,0.0,0,10,1.0,,,,,{},
122,lsat,numerical,100.0,10,10,28.0,1.0,1.0,1.0,0.0,,
122,ugpa,numerical,100.0,10,10,2.3,0.2,0.2,0.2,0.0,,
123,decile1,numerical,0.0,0,10,2.0,,,,,,
123,decile3,numerical,0.0,0,10,1.0,,,,,,
123,fam_inc,categorical,0.0,0,10,1.0,,,,,{},
123,fulltime,categorical,0.0,0,10,1.0,,,,,{},
123,lsat,numerical,100.0,10,10,26.0,5.5,5.5,5.5,0.0,,
123,ugpa,numerical,0.0,0,10,3.6,,,,,,
124,decile1,numerical,0.0,0,10,1.0,,,,,,
124,decile3,numerical,0.0,0,10,1.0,,,,,,
124,fam_inc,categorical,0.0,0,10,4.0,,,,,{},
124,fulltime,categorical,0.0,0,10,1.0,,,,,{},
124,lsat,numerical,100.0,10,10,26.0,2.0,2.0,2.0,0.0,,
124,ugpa,numerical,0.0,0,10,3.1,,,,,,
125,decile1,numerical,0.0,0,10,2.0,,,,,,
125,decile3,numerical,0.0,0,10,2.0,,,,,,
125,fam_inc,categorical,0.0,0,10,3.0,,,,,{},
125,fulltime,categorical,0.0,0,10,1.0,,,,,{},
125,lsat,numerical,100.0,10,10,25.0,1.0,1.0,1.0,0.0,,
125,ugpa,numerical,0.0,0,10,2.5,,,,,,
126,decile1,numerical,0.0,0,10,6.0,,,,,,
126,decile3,numerical,0.0,0,10,6.0,,,,,,
126,fam_inc,categorical,0.0,0,10,3.0,,,,,{},
126,fulltime,categorical,0.0,0,10,1.0,,,,,{},
126,lsat,numerical,100.0,10,10,34.0,-1.0,-1.0,-1.0,0.0,,
126,ugpa,numerical,0.0,0,10,3.7,,,,,,
127,decile1,numerical,0.0,0,10,2.0,,,,,,
127,decile3,numerical,0.0,0,10,2.0,,,,,,
127,fam_inc,categorical,0.0,0,10,3.0,,,,,{},
127,fulltime,categorical,0.0,0,10,1.0,,,,,{},
127,lsat,numerical,100.0,10,10,35.0,1.0,1.0,1.0,0.0,,
127,ugpa,numerical,0.0,0,10,3.2,,,,,,
128,decile1,numerical,0.0,0,10,1.0,,,,,,
128,decile3,numerical,0.0,0,10,1.0,,,,,,
128,fam_inc,categorical,0.0,0,10,3.0,,,,,{},
128,fulltime,categorical,0.0,0,10,2.0,,,,,{},
128,lsat,numerical,100.0,10,10,36.0,-4.0,-4.0,-4.0,0.0,,
128,ugpa,numerical,0.0,0,10,3.4,,,,,,
129,decile1,numerical,0.0,0,10,1.0,,,,,,
129,decile3,numerical,0.0,0,10,1.0,,,,,,
129,fam_inc,categorical,0.0,0,10,3.0,,,,,{},
129,fulltime,categorical,0.0,0,10,1.0,,,,,{},
129,lsat,numerical,100.0,10,10,29.0,0.3,0.3,0.3,0.0,,
129,ugpa,numerical,0.0,0,10,3.0,,,,,,
130,decile1,numerical,0.0,0,10,1.0,,,,,,
130,decile3,numerical,0.0,0,10,2.0,,,,,,
130,fam_inc,categorical,0.0,0,10,3.0,,,,,{},
130,fulltime,categorical,0.0,0,10,1.0,,,,,{},
130,lsat,numerical,0.0,0,10,29.0,,,,,,
130,ugpa,numerical,100.0,10,10,2.5,0.1,0.1,0.1,0.0,,
131,decile1,numerical,0.0,0,10,3.0,,,,,,
131,decile3,numerical,0.0,0,10,2.0,,,,,,
131,fam_inc,categorical,0.0,0,10,4.0,,,,,{},
131,fulltime,categorical,0.0,0,10,1.0,,,,,{},
131,lsat,numerical,100.0,10,10,31.0,-3.0,-3.0,-3.0,0.0,,
131,ugpa,numerical,0.0,0,10,2.1,,,,,,
132,decile1,numerical,0.0,0,10,1.0,,,,,,
132,decile3,numerical,0.0,0,10,2.0,,,,,,
132,fam_inc,categorical,0.0,0,10,2.0,,,,,{},
132,fulltime,categorical,0.0,0,10,1.0,,,,,{},
132,lsat,numerical,100.0,10,10,36.0,6.0,6.0,6.0,0.0,,
132,ugpa,numerical,0.0,0,10,3.3,,,,,,
133,decile1,numerical,0.0,0,10,2.0,,,,,,
133,decile3,numerical,0.0,0,10,3.0,,,,,,
133,fam_inc,categorical,0.0,0,10,4.0,,,,,{},
133,fulltime,categorical,0.0,0,10,1.0,,,,,{},
133,lsat,numerical,100.0,10,10,32.5,1.5,1.5,1.5,0.0,,
133,ugpa,numerical,0.0,0,10,2.7,,,,,,
134,decile1,numerical,0.0,0,10,6.0,,,,,,
134,decile3,numerical,0.0,0,10,1.0,,,,,,
134,fam_inc,categorical,0.0,0,10,3.0,,,,,{},
134,fulltime,categorical,0.0,0,10,2.0,,,,,{},
134,lsat,numerical,100.0,10,10,26.5,14.5,14.5,14.5,0.0,,
134,ugpa,numerical,0.0,0,10,2.7,,,,,,
135,decile1,numerical,0.0,0,10,2.0,,,,,,
135,decile3,numerical,0.0,0,10,2.0,,,,,,
135,fam_inc,categorical,0.0,0,10,4.0,,,,,{},
135,fulltime,categorical,0.0,0,10,1.0,,,,,{},
135,lsat,numerical,100.0,10,10,40.0,-1.0,-1.0,-1.0,0.0,,
135,ugpa,numerical,0.0,0,10,3.1,,,,,,
136,decile1,numerical,0.0,0,10,1.0,,,,,,
136,decile3,numerical,0.0,0,10,1.0,,,,,,
136,fam_inc,categorical,0.0,0,10,2.0,,,,,{},
136,fulltime,categorical,0.0,0,10,1.0,,,,,{},
136,lsat,numerical,0.0,0,10,36.0,,,,,,
136,ugpa,numerical,100.0,10,10,2.5,-0.1,-0.1,-0.1,0.0,,
137,decile1,numerical,0.0,0,10,6.0,,,,,,
137,decile3,numerical,0.0,0,10,4.0,,,,,,
137,fam_inc,categorical,0.0,0,10,3.0,,,,,{},
137,fulltime,categorical,0.0,0,10,1.0,,,,,{},
137,lsat,numerical,0.0,0,10,38.0,,,,,,
137,ugpa,numerical,100.0,10,10,2.7,0.1,0.1,0.1,0.0,,
138,decile1,numerical,0.0,0,10,5.0,,,,,,
138,decile3,numerical,0.0,0,10,3.0,,,,,,
138,fam_inc,categorical,0.0,0,10,4.0,,,,,{},
138,fulltime,categorical,0.0,0,10,1.0,,,,,{},
138,lsat,numerical,100.0,10,10,24.0,2.0,2.0,2.0,0.0,,
138,ugpa,numerical,100.0,10,10,2.4,0.2,0.2,0.2,0.0,,
139,decile1,numerical,0.0,0,10,3.0,,,,,,
139,decile3,numerical,0.0,0,10,2.0,,,,,,
139,fam_inc,categorical,0.0,0,10,4.0,,,,,{},
139,fulltime,categorical,0.0,0,10,1.0,,,,,{},
139,lsat,numerical,100.0,10,10,36.5,0.5,0.5,0.5,0.0,,
139,ugpa,numerical,0.0,0,10,3.3,,,,,,
140,decile1,numerical,0.0,0,10,2.0,,,,,,
140,decile3,numerical,0.0,0,10,2.0,,,,,,
140,fam_inc,categorical,0.0,0,10,3.0,,,,,{},
140,fulltime,categorical,0.0,0,10,1.0,,,,,{},
140,lsat,numerical,100.0,10,10,39.0,1.0,1.0,1.0,0.0,,
140,ugpa,numerical,0.0,0,10,3.1,,,,,,
141,decile1,numerical,0.0,0,10,2.0,,,,,,
141,decile3,numerical,0.0,0,10,1.0,,,,,,
141,fam_inc,categorical,0.0,0,10,3.0,,,,,{},
141,fulltime,categorical,0.0,0,10,1.0,,,,,{},
141,lsat,numerical,100.0,10,10,26.0,-1.3,-1.3,-1.3,0.0,,
141,ugpa,numerical,0.0,0,10,2.8,,,,,,
142,decile1,numerical,0.0,0,10,1.0,,,,,,
142,decile3,numerical,0.0,0,10,1.0,,,,,,
142,fam_inc,categorical,0.0,0,10,4.0,,,,,{},
142,fulltime,categorical,0.0,0,10,1.0,,,,,{},
142,lsat,numerical,100.0,10,10,30.0,-2.0,-2.0,-2.0,0.0,,
142,ugpa,numerical,0.0,0,10,2.6,,,,,,
143,decile1,numerical,0.0,0,10,2.0,,,,,,
143,decile3,numerical,0.0,0,10,1.0,,,,,,
143,fam_inc,categorical,0.0,0,10,3.0,,,,,{},
143,fulltime,categorical,0.0,0,10,1.0,,,,,{},
143,lsat,numerical,100.0,10,10,23.5,-2.5,-2.5,-2.5,0.0,,
143,ugpa,numerical,0.0,0,10,2.6,,,,,,
144,decile1,numerical,0.0,0,10,3.0,,,,,,
144,decile3,numerical,0.0,0,10,1.0,,,,,,
144,fam_inc,categorical,0.0,0,10,3.0,,,,,{},
144,fulltime,categorical,0.0,0,10,1.0,,,,,{},
144,lsat,numerical,100.0,10,10,22.0,4.0,4.0,4.0,0.0,,
144,ugpa,numerical,0.0,0,10,2.2,,,,,,
145,decile1,numerical,0.0,0,10,5.0,,,,,,
145,decile3,numerical,0.0,0,10,4.0,,,,,,
145,fam_inc,categorical,0.0,0,10,3.0,,,,,{},
145,fulltime,categorical,0.0,0,10,1.0,,,,,{},
145,lsat,numerical,100.0,10,10,27.0,3.0,3.0,3.0,0.0,,
145,ugpa,numerical,0.0,0,10,3.8,,,,,,
146,decile1,numerical,0.0,0,10,5.0,,,,,,
146,decile3,numerical,0.0,0,10,5.0,,,,,,
146,fam_inc,categorical,0.0,0,10,4.0,,,,,{},
146,fulltime,categorical,0.0,0,10,1.0,,,,,{},
146,lsat,numerical,0.0,0,10,30.5,,,,,,
146,ugpa,numerical,100.0,10,10,3.0,0.1,0.1,0.1,0.0,,
147,decile1,numerical,0.0,0,10,6.0,,,,,,
147,decile3,numerical,0.0,0,10,4.0,,,,,,
147,fam_inc,categorical,0.0,0,10,4.0,,,,,{},
147,fulltime,categorical,0.0,0,10,1.0,,,,,{},
147,lsat,numerical,100.0,10,10,38.5,0.5,0.5,0.5,0.0,,
147,ugpa,numerical,0.0,0,10,3.5,,,,,,
148,decile1,numerical,0.0,0,10,1.0,,,,,,
148,decile3,numerical,0.0,0,10,1.0,,,,,,
148,fam_inc,categorical,0.0,0,10,3.0,,,,,{},
148,fulltime,categorical,0.0,0,10,1.0,,,,,{},
148,lsat,numerical,100.0,10,10,25.0,-4.0,-4.0,-4.0,0.0,,
148,ugpa,numerical,0.0,0,10,3.5,,,,,,
149,decile1,numerical,0.0,0,10,3.0,,,,,,
149,decile3,numerical,0.0,0,10,1.0,,,,,,
149,fam_inc,categorical,0.0,0,10,3.0,,,,,{},
149,fulltime,categorical,0.0,0,10,1.0,,,,,{},
149,lsat,numerical,100.0,10,10,26.0,-1.5,-1.5,-1.5,0.0,,
149,ugpa,numerical,0.0,0,10,3.6,,,,,,
150,decile1,numerical,0.0,0,10,3.0,,,,,,
150,decile3,numerical,0.0,0,10,2.0,,,,,,
150,fam_inc,categorical,0.0,0,10,4.0,,,,,{},
150,fulltime,categorical,0.0,0,10,1.0,,,,,{},
150,lsat,numerical,100.0,10,10,38.0,-1.0,-1.0,-1.0,0.0,,
150,ugpa,numerical,0.0,0,10,3.0,,,,,,
151,decile1,numerical,0.0,0,10,6.0,,,,,,
151,decile3,numerical,0.0,0,10,3.0,,,,,,
151,fam_inc,categorical,0.0,0,10,4.0,,,,,{},
151,fulltime,categorical,0.0,0,10,2.0,,,,,{},
151,lsat,numerical,100.0,10,10,32.0,0.5,0.5,0.5,0.0,,
151,ugpa,numerical,0.0,0,10,3.0,,,,,,
152,decile1,numerical,0.0,0,10,1.0,,,,,,
152,decile3,numerical,0.0,0,10,2.0,,,,,,
152,fam_inc,categorical,100.0,10,10,2.0,,,,,"{""Middle"": 10}",3.0
152,fulltime,categorical,0.0,0,10,2.0,,,,,{},
152,lsat,numerical,0.0,0,10,20.0,,,,,,
152,ugpa,numerical,0.0,0,10,3.1,,,,,,
153,decile1,numerical,0.0,0,10,5.0,,,,,,
153,decile3,numerical,0.0,0,10,2.0,,,,,,
153,fam_inc,categorical,0.0,0,10,3.0,,,,,{},
153,fulltime,categorical,0.0,0,10,1.0,,,,,{},
153,lsat,numerical,100.0,10,10,38.0,3.0,3.0,3.0,0.0,,
153,ugpa,numerical,0.0,0,10,3.4,,,,,,
154,decile1,numerical,0.0,0,10,2.0,,,,,,
154,decile3,numerical,0.0,0,10,2.0,,,,,,
154,fam_inc,categorical,0.0,0,10,3.0,,,,,{},
154,fulltime,categorical,0.0,0,10,2.0,,,,,{},
154,lsat,numerical,100.0,10,10,37.0,3.0,3.0,3.0,0.0,,
154,ugpa,numerical,0.0,0,10,3.7,,,,,,
155,decile1,numerical,0.0,0,10,1.0,,,,,,
155,decile3,numerical,0.0,0,10,1.0,,,,,,
155,fam_inc,categorical,0.0,0,10,4.0,,,,,{},
155,fulltime,categorical,0.0,0,10,1.0,,,,,{},
155,lsat,numerical,100.0,10,10,29.5,-1.5,-1.5,-1.5,0.0,,
155,ugpa,numerical,0.0,0,10,2.3,,,,,,
156,decile1,numerical,0.0,0,10,4.0,,,,,,
156,decile3,numerical,0.0,0,10,4.0,,,,,,
156,fam_inc,categorical,0.0,0,10,3.0,,,,,{},
156,fulltime,categorical,0.0,0,10,1.0,,,,,{},
156,lsat,numerical,0.0,0,10,25.0,,,,,,
156,ugpa,numerical,100.0,10,10,3.3,0.2,0.2,0.2,0.0,,
157,decile1,numerical,0.0,0,10,4.0,,,,,,
157,decile3,numerical,0.0,0,10,4.0,,,,,,
157,fam_inc,categorical,0.0,0,10,3.0,,,,,{},
157,fulltime,categorical,0.0,0,10,1.0,,,,,{},
157,lsat,numerical,0.0,0,10,39.0,,,,,,
157,ugpa,numerical,100.0,10,10,2.8,0.1,0.1,0.1,0.0,,
158,decile1,numerical,0.0,0,10,1.0,,,,,,
158,decile3,numerical,0.0,0,10,1.0,,,,,,
158,fam_inc,categorical,0.0,0,10,2.0,,,,,{},
158,fulltime,categorical,0.0,0,10,1.0,,,,,{},
158,lsat,numerical,100.0,10,10,34.0,3.0,3.0,3.0,0.0,,
158,ugpa,numerical,0.0,0,10,2.6,,,,,,
159,decile1,numerical,0.0,0,10,3.0,,,,,,
159,decile3,numerical,0.0,0,10,2.0,,,,,,
159,fam_inc,categorical,0.0,0,10,4.0,,,,,{},
159,fulltime,categorical,0.0,0,10,1.0,,,,,{},
159,lsat,numerical,100.0,10,10,35.0,-1.0,-1.0,-1.0,0.0,,
159,ugpa,numerical,0.0,0,10,3.3,,,,,,
160,decile1,numerical,0.0,0,10,4.0,,,,,,
160,decile3,numerical,0.0,0,10,4.0,,,,,,
160,fam_inc,categorical,0.0,0,10,3.0,,,,,{},
160,fulltime,categorical,0.0,0,10,1.0,,,,,{},
160,lsat,numerical,100.0,10,10,22.5,5.5,5.5,5.5,0.0,,
160,ugpa,numerical,0.0,0,10,2.9,,,,,,
161,decile1,numerical,0.0,0,10,1.0,,,,,,
161,decile3,numerical,0.0,0,10,1.0,,,,,,
161,fam_inc,categorical,0.0,0,10,2.0,,,,,{},
161,fulltime,categorical,0.0,0,10,1.0,,,,,{},
161,lsat,numerical,100.0,10,10,28.0,3.0,3.0,3.0,0.0,,
161,ugpa,numerical,0.0,0,10,2.1,,,,,,
162,decile1,numerical,0.0,0,10,3.0,,,,,,
162,decile3,numerical,0.0,0,10,2.0,,,,,,
162,fam_inc,categorical,0.0,0,10,4.0,,,,,{},
162,fulltime,categorical,0.0,0,10,1.0,,,,,{},
162,lsat,numerical,100.0,10,10,36.5,0.5,0.5,0.5,0.0,,
162,ugpa,numerical,0.0,0,10,3.3,,,,,,
163,decile1,numerical,0.0,0,10,1.0,,,,,,
163,decile3,numerical,0.0,0,10,1.0,,,,,,
163,fam_inc,categorical,0.0,0,10,4.0,,,,,{},
163,fulltime,categorical,0.0,0,10,1.0,,,,,{},
163,lsat,numerical,100.0,10,10,27.0,2.0,2.0,2.0,0.0,,
163,ugpa,numerical,100.0,10,10,3.3,-0.1,-0.1,-0.1,0.0,,
164,decile1,numerical,0.0,0,10,6.0,,,,,,
164,decile3,numerical,0.0,0,10,8.0,,,,,,
164,fam_inc,categorical,0.0,0,10,3.0,,,,,{},
164,fulltime,categorical,0.0,0,10,1.0,,,,,{},
164,lsat,numerical,100.0,10,10,32.0,3.0,3.0,3.0,0.0,,
164,ugpa,numerical,0.0,0,10,3.4,,,,,,
165,decile1,numerical,0.0,0,10,1.0,,,,,,
165,decile3,numerical,0.0,0,10,1.0,,,,,,
165,fam_inc,categorical,0.0,0,10,1.0,,,,,{},
165,fulltime,categorical,0.0,0,10,1.0,,,,,{},
165,lsat,numerical,100.0,10,10,22.5,3.0,3.0,3.0,0.0,,
165,ugpa,numerical,100.0,10,10,2.7,0.1,0.1,0.1,0.0,,
166,decile1,numerical,0.0,0,10,1.0,,,,,,
166,decile3,numerical,0.0,0,10,3.0,,,,,,
166,fam_inc,categorical,0.0,0,10,4.0,,,,,{},
166,fulltime,categorical,0.0,0,10,1.0,,,,,{},
166,lsat,numerical,0.0,0,10,29.0,,,,,,
166,ugpa,numerical,100.0,10,10,2.3,0.4,0.4,0.4,0.0,,
167,decile1,numerical,0.0,0,10,1.0,,,,,,
167,decile3,numerical,0.0,0,10,1.0,,,,,,
167,fam_inc,categorical,0.0,0,10,3.0,,,,,{},
167,fulltime,categorical,0.0,0,10,2.0,,,,,{},
167,lsat,numerical,0.0,0,10,31.0,,,,,,
167,ugpa,numerical,100.0,10,10,2.7,0.2,0.2,0.2,0.0,,
168,decile1,numerical,0.0,0,10,3.0,,,,,,
168,decile3,numerical,0.0,0,10,2.0,,,,,,
168,fam_inc,categorical,0.0,0,10,5.0,,,,,{},
168,fulltime,categorical,0.0,0,10,1.0,,,,,{},
168,lsat,numerical,100.0,10,10,32.0,1.0,1.0,1.0,0.0,,
168,ugpa,numerical,0.0,0,10,2.6,,,,,,
169,decile1,numerical,0.0,0,10,4.0,,,,,,
169,decile3,numerical,0.0,0,10,1.0,,,,,,
169,fam_inc,categorical,0.0,0,10,4.0,,,,,{},
169,fulltime,categorical,0.0,0,10,1.0,,,,,{},
169,lsat,numerical,100.0,10,10,36.0,1.0,1.0,1.0,0.0,,
169,ugpa,numerical,0.0,0,10,3.1,,,,,,
170,decile1,numerical,0.0,0,10,2.0,,,,,,
170,decile3,numerical,0.0,0,10,1.0,,,,,,
170,fam_inc,categorical,0.0,0,10,3.0,,,,,{},
170,fulltime,categorical,0.0,0,10,1.0,,,,,{},
170,lsat,numerical,100.0,10,10,30.0,-1.0,-1.0,-1.0,0.0,,
170,ugpa,numerical,0.0,0,10,2.5,,,,,,
171,decile1,numerical,0.0,0,10,1.0,,,,,,
171,decile3,numerical,0.0,0,10,1.0,,,,,,
171,fam_inc,categorical,0.0,0,10,2.0,,,,,{},
171,fulltime,categorical,0.0,0,10,1.0,,,,,{},
171,lsat,numerical,100.0,10,10,26.0,1.0,1.0,1.0,0.0,,
171,ugpa,numerical,0.0,0,10,2.9,,,,,,
172,decile1,numerical,0.0,0,10,1.0,,,,,,
172,decile3,numerical,0.0,0,10,1.0,,,,,,
172,fam_inc,categorical,0.0,0,10,4.0,,,,,{},
172,fulltime,categorical,0.0,0,10,1.0,,,,,{},
172,lsat,numerical,100.0,10,10,26.0,1.0,1.0,1.0,0.0,,
172,ugpa,numerical,0.0,0,10,2.8,,,,,,
173,decile1,numerical,0.0,0,10,3.0,,,,,,
173,decile3,numerical,0.0,0,10,2.0,,,,,,
173,fam_inc,categorical,0.0,0,10,1.0,,,,,{},
173,fulltime,categorical,0.0,0,10,1.0,,,,,{},
173,lsat,numerical,100.0,10,10,35.0,-2.0,-2.0,-2.0,0.0,,
173,ugpa,numerical,0.0,0,10,3.1,,,,,,
174,decile1,numerical,0.0,0,10,1.0,,,,,,
174,decile3,numerical,0.0,0,10,1.0,,,,,,
174,fam_inc,categorical,0.0,0,10,4.0,,,,,{},
174,fulltime,categorical,0.0,0,10,1.0,,,,,{},
174,lsat,numerical,100.0,10,10,39.0,2.0,2.0,2.0,0.0,,
174,ugpa,numerical,0.0,0,10,3.8,,,,,,
175,decile1,numerical,0.0,0,10,1.0,,,,,,
175,decile3,numerical,0.0,0,10,1.0,,,,,,
175,fam_inc,categorical,0.0,0,10,3.0,,,,,{},
175,fulltime,categorical,0.0,0,10,1.0,,,,,{},
175,lsat,numerical,100.0,10,10,29.5,1.5,1.5,1.5,0.0,,
175,ugpa,numerical,0.0,0,10,3.4,,,,,,
176,decile1,numerical,0.0,0,10,8.0,,,,,,
176,decile3,numerical,0.0,0,10,6.0,,,,,,
176,fam_inc,categorical,0.0,0,10,3.0,,,,,{},
176,fulltime,categorical,0.0,0,10,1.0,,,,,{},
176,lsat,numerical,100.0,10,10,34.0,1.0,1.0,1.0,0.0,,
176,ugpa,numerical,0.0,0,10,2.6,,,,,,
177,decile1,numerical,0.0,0,10,5.0,,,,,,
177,decile3,numerical,0.0,0,10,6.0,,,,,,
177,fam_inc,categorical,0.0,0,10,3.0,,,,,{},
177,fulltime,categorical,0.0,0,10,1.0,,,,,{},
177,lsat,numerical,100.0,10,10,36.0,3.0,3.0,3.0,0.0,,
177,ugpa,numerical,0.0,0,10,2.5,,,,,,
178,decile1,numerical,0.0,0,10,1.0,,,,,,
178,decile3,numerical,0.0,0,10,1.0,,,,,,
178,fam_inc,categorical,0.0,0,10,3.0,,,,,{},
178,fulltime,categorical,0.0,0,10,1.0,,,,,{},
178,lsat,numerical,100.0,10,10,35.0,-1.0,-1.0,-1.0,0.0,,
178,ugpa,numerical,0.0,0,10,3.3,,,,,,
179,decile1,numerical,0.0,0,10,1.0,,,,,,
179,decile3,numerical,0.0,0,10,1.0,,,,,,
179,fam_inc,categorical,0.0,0,10,3.0,,,,,{},
179,fulltime,categorical,0.0,0,10,1.0,,,,,{},
179,lsat,numerical,100.0,10,10,30.0,0.5,0.5,0.5,0.0,,
179,ugpa,numerical,0.0,0,10,3.0,,,,,,
180,decile1,numerical,0.0,0,10,3.0,,,,,,
180,decile3,numerical,0.0,0,10,3.0,,,,,,
180,fam_inc,categorical,0.0,0,10,4.0,,,,,{},
180,fulltime,categorical,0.0,0,10,1.0,,,,,{},
180,lsat,numerical,100.0,10,10,46.0,-1.0,-1.0,-1.0,0.0,,
180,ugpa,numerical,0.0,0,10,3.5,,,,,,
181,decile1,numerical,0.0,0,10,1.0,,,,,,
181,decile3,numerical,0.0,0,10,1.0,,,,,,
181,fam_inc,categorical,0.0,0,10,2.0,,,,,{},
181,fulltime,categorical,0.0,0,10,1.0,,,,,{},
181,lsat,numerical,100.0,10,10,30.0,-3.0,-3.0,-3.0,0.0,,
181,ugpa,numerical,0.0,0,10,3.1,,,,,,
182,decile1,numerical,0.0,0,10,1.0,,,,,,
182,decile3,numerical,0.0,0,10,1.0,,,,,,
182,fam_inc,categorical,0.0,0,10,3.0,,,,,{},
182,fulltime,categorical,0.0,0,10,1.0,,,,,{},
182,lsat,numerical,100.0,10,10,35.0,1.0,1.0,1.0,0.0,,
182,ugpa,numerical,0.0,0,10,3.2,,,,,,
183,decile1,numerical,0.0,0,10,1.0,,,,,,
183,decile3,numerical,0.0,0,10,1.0,,,,,,
183,fam_inc,categorical,0.0,0,10,3.0,,,,,{},
183,fulltime,categorical,0.0,0,10,1.0,,,,,{},
183,lsat,numerical,100.0,10,10,25.0,2.0,2.0,2.0,0.0,,
183,ugpa,numerical,100.0,10,10,3.6,0.1,0.1,0.1,0.0,,
184,decile1,numerical,0.0,0,10,5.0,,,,,,
184,decile3,numerical,0.0,0,10,4.0,,,,,,
184,fam_inc,categorical,0.0,0,10,3.0,,,,,{},
184,fulltime,categorical,0.0,0,10,1.0,,,,,{},
184,lsat,numerical,100.0,10,10,28.5,1.5,1.5,1.5,0.0,,
184,ugpa,numerical,0.0,0,10,3.4,,,,,,
185,decile1,numerical,0.0,0,10,4.0,,,,,,
185,decile3,numerical,0.0,0,10,4.0,,,,,,
185,fam_inc,categorical,0.0,0,10,4.0,,,,,{},
185,fulltime,categorical,0.0,0,10,1.0,,,,,{},
185,lsat,numerical,100.0,10,10,32.0,-0.5,-0.5,-0.5,0.0,,
185,ugpa,numerical,0.0,0,10,2.7,,,,,,
186,decile1,numerical,0.0,0,10,2.0,,,,,,
186,decile3,numerical,0.0,0,10,2.0,,,,,,
186,fam_inc,categorical,0.0,0,10,4.0,,,,,{},
186,fulltime,categorical,0.0,0,10,1.0,,,,,{},
186,lsat,numerical,100.0,10,10,23.5,2.0,2.0,2.0,0.0,,
186,ugpa,numerical,0.0,0,10,3.1,,,,,,
187,decile1,numerical,0.0,0,10,2.0,,,,,,
187,decile3,numerical,0.0,0,10,1.0,,,,,,
187,fam_inc,categorical,0.0,0,10,5.0,,,,,{},
187,fulltime,categorical,0.0,0,10,1.0,,,,,{},
187,lsat,numerical,0.0,0,10,37.0,,,,,,
187,ugpa,numerical,100.0,10,10,2.9,0.2,0.2,0.2,0.0,,
188,decile1,numerical,0.0,0,10,2.0,,,,,,
188,decile3,numerical,0.0,0,10,3.0,,,,,,
188,fam_inc,categorical,0.0,0,10,5.0,,,,,{},
188,fulltime,categorical,0.0,0,10,1.0,,,,,{},
188,lsat,numerical,100.0,10,10,35.0,-2.0,-2.0,-2.0,0.0,,
188,ugpa,numerical,0.0,0,10,2.8,,,,,,
189,decile1,numerical,0.0,0,10,1.0,,,,,,
189,decile3,numerical,0.0,0,10,1.0,,,,,,
189,fam_inc,categorical,0.0,0,10,3.0,,,,,{},
189,fulltime,categorical,0.0,0,10,1.0,,,,,{},
189,lsat,numerical,100.0,10,10,30.0,0.5,0.5,0.5,0.0,,
189,ugpa,numerical,100.0,10,10,3.1,-0.1,-0.1,-0.1,0.0,,
190,decile1,numerical,0.0,0,10,2.0,,,,,,
190,decile3,numerical,0.0,0,10,1.0,,,,,,
190,fam_inc,categorical,0.0,0,10,3.0,,,,,{},
190,fulltime,categorical,0.0,0,10,2.0,,,,,{},
190,lsat,numerical,100.0,10,10,26.0,3.0,3.0,3.0,0.0,,
190,ugpa,numerical,0.0,0,10,2.1,,,,,,
191,decile1,numerical,0.0,0,10,2.0,,,,,,
191,decile3,numerical,0.0,0,10,2.0,,,,,,
191,fam_inc,categorical,0.0,0,10,3.0,,,,,{},
191,fulltime,categorical,0.0,0,10,1.0,,,,,{},
191,lsat,numerical,100.0,10,10,28.0,1.0,1.0,1.0,0.0,,
191,ugpa,numerical,0.0,0,10,3.1,,,,,,
192,decile1,numerical,0.0,0,10,2.0,,,,,,
192,decile3,numerical,0.0,0,10,2.0,,,,,,
192,fam_inc,categorical,0.0,0,10,3.0,,,,,{},
192,fulltime,categorical,0.0,0,10,1.0,,,,,{},
192,lsat,numerical,100.0,10,10,38.0,-1.0,-1.0,-1.0,0.0,,
192,ugpa,numerical,0.0,0,10,2.9,,,,,,
193,decile1,numerical,0.0,0,10,3.0,,,,,,
193,decile3,numerical,0.0,0,10,1.0,,,,,,
193,fam_inc,categorical,0.0,0,10,2.0,,,,,{},
193,fulltime,categorical,0.0,0,10,1.0,,,,,{},
193,lsat,numerical,0.0,0,10,38.0,,,,,,
193,ugpa,numerical,100.0,10,10,2.6,0.3,0.3,0.3,0.0,,
194,decile1,numerical,0.0,0,10,2.0,,,,,,
194,decile3,numerical,0.0,0,10,1.0,,,,,,
194,fam_inc,categorical,0.0,0,10,3.0,,,,,{},
194,fulltime,categorical,0.0,0,10,1.0,,,,,{},
194,lsat,numerical,0.0,0,10,35.0,,,,,,
194,ugpa,numerical,100.0,10,10,2.7,-0.1,-0.1,-0.1,0.0,,
195,decile1,numerical,0.0,0,10,1.0,,,,,,
195,decile3,numerical,0.0,0,10,1.0,,,,,,
195,fam_inc,categorical,0.0,0,10,3.0,,,,,{},
195,fulltime,categorical,0.0,0,10,1.0,,,,,{},
195,lsat,numerical,100.0,10,10,32.0,4.0,4.0,4.0,0.0,,
195,ugpa,numerical,0.0,0,10,2.7,,,,,,
196,decile1,numerical,0.0,0,10,1.0,,,,,,
196,decile3,numerical,0.0,0,10,1.0,,,,,,
196,fam_inc,categorical,0.0,0,10,3.0,,,,,{},
196,fulltime,categorical,0.0,0,10,1.0,,,,,{},
196,lsat,numerical,0.0,0,10,29.0,,,,,,
196,ugpa,numerical,100.0,10,10,3.4,-0.1,-0.1,-0.1,0.0,,
197,decile1,numerical,0.0,0,10,2.0,,,,,,
197,decile3,numerical,0.0,0,10,2.0,,,,,,
197,fam_inc,categorical,0.0,0,10,4.0,,,,,{},
197,fulltime,categorical,0.0,0,10,1.0,,,,,{},
197,lsat,numerical,100.0,10,10,36.5,1.5,1.5,1.5,0.0,,
197,ugpa,numerical,0.0,0,10,2.3,,,,,,
198,decile1,numerical,0.0,0,10,2.0,,,,,,
198,decile3,numerical,0.0,0,10,3.0,,,,,,
198,fam_inc,categorical,0.0,0,10,4.0,,,,,{},
198,fulltime,categorical,0.0,0,10,2.0,,,,,{},
198,lsat,numerical,0.0,0,10,27.0,,,,,,
198,ugpa,numerical,100.0,10,10,2.4,0.2,0.2,0.2,0.0,,
199,decile1,numerical,0.0,0,10,1.0,,,,,,
199,decile3,numerical,0.0,0,10,1.0,,,,,,
199,fam_inc,categorical,0.0,0,10,3.0,,,,,{},
199,fulltime,categorical,0.0,0,10,1.0,,,,,{},
199,lsat,numerical,100.0,10,10,29.0,0.3,0.3,0.3,0.0,,
199,ugpa,numerical,100.0,10,10,2.9,0.1,0.1,0.1,0.0,,
200,decile1,numerical,0.0,0,10,2.0,,,,,,
200,decile3,numerical,0.0,0,10,1.0,,,,,,
200,fam_inc,categorical,0.0,0,10,4.0,,,,,{},
200,fulltime,categorical,0.0,0,10,1.0,,,,,{},
200,lsat,numerical,100.0,10,10,27.0,1.5,1.5,1.5,0.0,,
200,ugpa,numerical,0.0,0,10,3.0,,,,,,
201,decile1,numerical,0.0,0,10,4.0,,,,,,
201,decile3,numerical,0.0,0,10,2.0,,,,,,
201,fam_inc,categorical,0.0,0,10,2.0,,,,,{},
201,fulltime,categorical,0.0,0,10,1.0,,,,,{},
201,lsat,numerical,0.0,0,10,24.0,,,,,,
201,ugpa,numerical,100.0,10,10,2.4,0.4,0.4,0.4,0.0,,
202,decile1,numerical,0.0,0,10,2.0,,,,,,
202,decile3,numerical,0.0,0,10,1.0,,,,,,
202,fam_inc,categorical,0.0,0,10,3.0,,,,,{},
202,fulltime,categorical,0.0,0,10,1.0,,,,,{},
202,lsat,numerical,100.0,10,10,35.0,1.0,1.0,1.0,0.0,,
202,ugpa,numerical,0.0,0,10,2.9,,,,,,
203,decile1,numerical,0.0,0,10,2.0,,,,,,
203,decile3,numerical,0.0,0,10,2.0,,,,,,
203,fam_inc,categorical,0.0,0,10,3.0,,,,,{},
203,fulltime,categorical,0.0,0,10,1.0,,,,,{},
203,lsat,numerical,100.0,10,10,39.0,1.0,1.0,1.0,0.0,,
203,ugpa,numerical,0.0,0,10,3.1,,,,,,
204,decile1,numerical,0.0,0,10,1.0,,,,,,
204,decile3,numerical,0.0,0,10,1.0,,,,,,
204,fam_inc,categorical,0.0,0,10,3.0,,,,,{},
204,fulltime,categorical,0.0,0,10,1.0,,,,,{},
204,lsat,numerical,0.0,0,10,27.0,,,,,,
204,ugpa,numerical,100.0,10,10,3.6,0.1,0.1,0.1,0.0,,
205,decile1,numerical,0.0,0,10,3.0,,,,,,
205,decile3,numerical,0.0,0,10,4.0,,,,,,
205,fam_inc,categorical,0.0,0,10,3.0,,,,,{},
205,fulltime,categorical,0.0,0,10,1.0,,,,,{},
205,lsat,numerical,100.0,10,10,23.0,3.0,3.0,3.0,0.0,,
205,ugpa,numerical,0.0,0,10,3.2,,,,,,
206,decile1,numerical,0.0,0,10,4.0,,,,,,
206,decile3,numerical,0.0,0,10,2.0,,,,,,
206,fam_inc,categorical,0.0,0,10,4.0,,,,,{},
206,fulltime,categorical,0.0,0,10,1.0,,,,,{},
206,lsat,numerical,100.0,10,10,34.0,-2.0,-2.0,-2.0,0.0,,
206,ugpa,numerical,0.0,0,10,3.3,,,,,,
207,decile1,numerical,0.0,0,10,8.0,,,,,,
207,decile3,numerical,0.0,0,10,9.0,,,,,,
207,fam_inc,categorical,0.0,0,10,4.0,,,,,{},
207,fulltime,categorical,0.0,0,10,1.0,,,,,{},
207,lsat,numerical,100.0,10,10,42.0,1.0,1.0,1.0,0.0,,
207,ugpa,numerical,0.0,0,10,3.4,,,,,,
208,decile1,numerical,0.0,0,10,5.0,,,,,,
208,decile3,numerical,0.0,0,10,3.0,,,,,,
208,fam_inc,categorical,0.0,0,10,4.0,,,,,{},
208,fulltime,categorical,0.0,0,10,1.0,,,,,{},
208,lsat,numerical,0.0,0,10,25.5,,,,,,
208,ugpa,numerical,100.0,10,10,2.8,-0.2,-0.2,-0.2,0.0,,
209,decile1,numerical,0.0,0,10,1.0,,,,,,
209,decile3,numerical,0.0,0,10,1.0,,,,,,
209,fam_inc,categorical,0.0,0,10,3.0,,,,,{},
209,fulltime,categorical,0.0,0,10,1.0,,,,,{},
209,lsat,numerical,100.0,10,10,39.0,1.0,1.0,1.0,0.0,,
209,ugpa,numerical,0.0,0,10,3.4,,,,,,
210,decile1,numerical,0.0,0,10,10.0,,,,,,
210,decile3,numerical,0.0,0,10,5.0,,,,,,
210,fam_inc,categorical,0.0,0,10,4.0,,,,,{},
210,fulltime,categorical,0.0,0,10,1.0,,,,,{},
210,lsat,numerical,100.0,10,10,37.0,4.0,4.0,4.0,0.0,,
210,ugpa,numerical,0.0,0,10,2.8,,,,,,
211,decile1,numerical,0.0,0,10,4.0,,,,,,
211,decile3,numerical,0.0,0,10,2.0,,,,,,
211,fam_inc,categorical,0.0,0,10,4.0,,,,,{},
211,fulltime,categorical,0.0,0,10,1.0,,,,,{},
211,lsat,numerical,100.0,10,10,34.0,-1.0,-1.0,-1.0,0.0,,
211,ugpa,numerical,0.0,0,10,3.0,,,,,,
212,decile1,numerical,0.0,0,10,3.0,,,,,,
212,decile3,numerical,0.0,0,10,2.0,,,,,,
212,fam_inc,categorical,0.0,0,10,4.0,,,,,{},
212,fulltime,categorical,0.0,0,10,1.0,,,,,{},
212,lsat,numerical,0.0,0,10,38.0,,,,,,
212,ugpa,numerical,100.0,10,10,2.8,-0.1,-0.1,-0.1,0.0,,
213,decile1,numerical,0.0,0,10,1.0,,,,,,
213,decile3,numerical,0.0,0,10,1.0,,,,,,
213,fam_inc,categorical,0.0,0,10,3.0,,,,,{},
213,fulltime,categorical,0.0,0,10,1.0,,,,,{},
213,lsat,numerical,100.0,10,10,44.0,-1.0,-1.0,-1.0,0.0,,
213,ugpa,numerical,0.0,0,10,3.1,,,,,,
214,decile1,numerical,0.0,0,10,4.0,,,,,,
214,decile3,numerical,0.0,0,10,1.0,,,,,,
214,fam_inc,categorical,0.0,0,10,3.0,,,,,{},
214,fulltime,categorical,0.0,0,10,1.0,,,,,{},
214,lsat,numerical,0.0,0,10,35.0,,,,,,
214,ugpa,numerical,100.0,10,10,2.7,-0.3,-0.3,-0.3,0.0,,
215,decile1,numerical,0.0,0,10,1.0,,,,,,
215,decile3,numerical,0.0,0,10,2.0,,,,,,
215,fam_inc,categorical,0.0,0,10,5.0,,,,,{},
215,fulltime,categorical,0.0,0,10,1.0,,,,,{},
215,lsat,numerical,100.0,10,10,37.0,3.0,3.0,3.0,0.0,,
215,ugpa,numerical,0.0,0,10,3.5,,,,,,
216,decile1,numerical,0.0,0,10,2.0,,,,,,
216,decile3,numerical,0.0,0,10,1.0,,,,,,
216,fam_inc,categorical,0.0,0,10,4.0,,,,,{},
216,fulltime,categorical,0.0,0,10,1.0,,,,,{},
216,lsat,numerical,100.0,10,10,30.0,1.0,1.0,1.0,0.0,,
216,ugpa,numerical,100.0,10,10,3.5,-0.1,-0.1,-0.1,0.0,,
217,decile1,numerical,0.0,0,10,4.0,,,,,,
217,decile3,numerical,0.0,0,10,3.0,,,,,,
217,fam_inc,categorical,0.0,0,10,4.0,,,,,{},
217,fulltime,categorical,0.0,0,10,1.0,,,,,{},
217,lsat,numerical,0.0,0,10,33.0,,,,,,
217,ugpa,numerical,100.0,10,10,2.9,-0.1,-0.1,-0.1,0.0,,
218,decile1,numerical,0.0,0,10,2.0,,,,,,
218,decile3,numerical,0.0,0,10,2.0,,,,,,
218,fam_inc,categorical,0.0,0,10,4.0,,,,,{},
218,fulltime,categorical,0.0,0,10,1.0,,,,,{},
218,lsat,numerical,0.0,0,10,42.0,,,,,,
218,ugpa,numerical,100.0,10,10,3.1,0.1,0.1,0.1,0.0,,
219,decile1,numerical,0.0,0,10,1.0,,,,,,
219,decile3,numerical,0.0,0,10,1.0,,,,,,
219,fam_inc,categorical,0.0,0,10,1.0,,,,,{},
219,fulltime,categorical,0.0,0,10,1.0,,,,,{},
219,lsat,numerical,100.0,10,10,18.0,7.0,7.0,7.0,0.0,,
219,ugpa,numerical,100.0,10,10,2.6,-0.2,-0.2,-0.2,0.0,,
220,decile1,numerical,0.0,0,10,2.0,,,,,,
220,decile3,numerical,0.0,0,10,2.0,,,,,,
220,fam_inc,categorical,0.0,0,10,3.0,,,,,{},
220,fulltime,categorical,0.0,0,10,1.0,,,,,{},
220,lsat,numerical,100.0,10,10,36.0,-1.0,-1.0,-1.0,0.0,,
220,ugpa,numerical,0.0,0,10,2.8,,,,,,
221,decile1,numerical,0.0,0,10,1.0,,,,,,
221,decile3,numerical,0.0,0,10,1.0,,,,,,
221,fam_inc,categorical,0.0,0,10,2.0,,,,,{},
221,fulltime,categorical,0.0,0,10,1.0,,,,,{},
221,lsat,numerical,100.0,10,10,32.0,1.5,1.5,1.5,0.0,,
221,ugpa,numerical,0.0,0,10,3.1,,,,,,
222,decile1,numerical,0.0,0,10,1.0,,,,,,
222,decile3,numerical,0.0,0,10,1.0,,,,,,
222,fam_inc,categorical,0.0,0,10,3.0,,,,,{},
222,fulltime,categorical,0.0,0,10,1.0,,,,,{},
222,lsat,numerical,100.0,10,10,33.0,0.5,0.5,0.5,0.0,,
222,ugpa,numerical,0.0,0,10,3.8,,,,,,
223,decile1,numerical,0.0,0,10,2.0,,,,,,
223,decile3,numerical,0.0,0,10,1.0,,,,,,
223,fam_inc,categorical,0.0,0,10,2.0,,,,,{},
223,fulltime,categorical,0.0,0,10,1.0,,,,,{},
223,lsat,numerical,0.0,0,10,41.0,,,,,,
223,ugpa,numerical,100.0,10,10,3.7,-0.1,-0.1,-0.1,0.0,,
224,decile1,numerical,0.0,0,10,1.0,,,,,,
224,decile3,numerical,0.0,0,10,1.0,,,,,,
224,fam_inc,categorical,0.0,0,10,3.0,,,,,{},
224,fulltime,categorical,0.0,0,10,1.0,,,,,{},
224,lsat,numerical,100.0,10,10,36.0,-0.5,-0.5,-0.5,0.0,,
224,ugpa,numerical,0.0,0,10,3.0,,,,,,
225,decile1,numerical,0.0,0,10,1.0,,,,,,
225,decile3,numerical,0.0,0,10,1.0,,,,,,
225,fam_inc,categorical,0.0,0,10,3.0,,,,,{},
225,fulltime,categorical,0.0,0,10,1.0,,,,,{},
225,lsat,numerical,0.0,0,10,28.0,,,,,,
225,ugpa,numerical,100.0,10,10,3.1,-0.1,-0.1,-0.1,0.0,,
226,decile1,numerical,0.0,0,10,1.0,,,,,,
226,decile3,numerical,0.0,0,10,1.0,,,,,,
226,fam_inc,categorical,0.0,0,10,3.0,,,,,{},
226,fulltime,categorical,0.0,0,10,1.0,,,,,{},
226,lsat,numerical,100.0,10,10,25.0,-2.0,-2.0,-2.0,0.0,,
226,ugpa,numerical,100.0,10,10,1.8,0.8,0.8,0.8,0.0,,
227,decile1,numerical,0.0,0,10,3.0,,,,,,
227,decile3,numerical,0.0,0,10,2.0,,,,,,
227,fam_inc,categorical,0.0,0,10,3.0,,,,,{},
227,fulltime,categorical,0.0,0,10,1.0,,,,,{},
227,lsat,numerical,100.0,10,10,27.0,2.0,2.0,2.0,0.0,,
227,ugpa,numerical,0.0,0,10,3.6,,,,,,
228,decile1,numerical,0.0,0,10,1.0,,,,,,
228,decile3,numerical,0.0,0,10,1.0,,,,,,
228,fam_inc,categorical,0.0,0,10,2.0,,,,,{},
228,fulltime,categorical,0.0,0,10,1.0,,,,,{},
228,lsat,numerical,100.0,10,10,28.0,-1.0,-1.0,-1.0,0.0,,
228,ugpa,numerical,0.0,0,10,3.1,,,,,,
229,decile1,numerical,0.0,0,10,1.0,,,,,,
229,decile3,numerical,0.0,0,10,1.0,,,,,,
229,fam_inc,categorical,0.0,0,10,1.0,,,,,{},
229,fulltime,categorical,0.0,0,10,1.0,,,,,{},
229,lsat,numerical,100.0,10,10,22.0,4.0,4.0,4.0,0.0,,
229,ugpa,numerical,0.0,0,10,3.7,,,,,,
230,decile1,numerical,0.0,0,10,2.0,,,,,,
230,decile3,numerical,0.0,0,10,2.0,,,,,,
230,fam_inc,categorical,0.0,0,10,2.0,,,,,{},
230,fulltime,categorical,0.0,0,10,1.0,,,,,{},
230,lsat,numerical,100.0,10,10,33.0,1.0,1.0,1.0,0.0,,
230,ugpa,numerical,0.0,0,10,3.4,,,,,,
231,decile1,numerical,0.0,0,10,2.0,,,,,,
231,decile3,numerical,0.0,0,10,2.0,,,,,,
231,fam_inc,categorical,0.0,0,10,2.0,,,,,{},
231,fulltime,categorical,0.0,0,10,1.0,,,,,{},
231,lsat,numerical,100.0,10,10,36.0,1.0,1.0,1.0,0.0,,
231,ugpa,numerical,0.0,0,10,2.5,,,,,,
232,decile1,numerical,0.0,0,10,2.0,,,,,,
232,decile3,numerical,0.0,0,10,1.0,,,,,,
232,fam_inc,categorical,0.0,0,10,4.0,,,,,{},
232,fulltime,categorical,0.0,0,10,1.0,,,,,{},
232,lsat,numerical,0.0,0,10,29.5,,,,,,
232,ugpa,numerical,100.0,10,10,2.4,0.2,0.2,0.2,0.0,,
233,decile1,numerical,0.0,0,10,1.0,,,,,,
233,decile3,numerical,0.0,0,10,1.0,,,,,,
233,fam_inc,categorical,0.0,0,10,3.0,,,,,{},
233,fulltime,categorical,0.0,0,10,1.0,,,,,{},
233,lsat,numerical,100.0,10,10,39.0,1.0,1.0,1.0,0.0,,
233,ugpa,numerical,0.0,0,10,3.4,,,,,,
234,decile1,numerical,0.0,0,10,2.0,,,,,,
234,decile3,numerical,0.0,0,10,1.0,,,,,,
234,fam_inc,categorical,0.0,0,10,3.0,,,,,{},
234,fulltime,categorical,0.0,0,10,1.0,,,,,{},
234,lsat,numerical,100.0,10,10,37.0,-2.0,-2.0,-2.0,0.0,,
234,ugpa,numerical,0.0,0,10,3.8,,,,,,
235,decile1,numerical,0.0,0,10,3.0,,,,,,
235,decile3,numerical,0.0,0,10,2.0,,,,,,
235,fam_inc,categorical,0.0,0,10,3.0,,,,,{},
235,fulltime,categorical,0.0,0,10,1.0,,,,,{},
235,lsat,numerical,100.0,10,10,37.0,1.0,1.0,1.0,0.0,,
235,ugpa,numerical,0.0,0,10,2.9,,,,,,
236,decile1,numerical,0.0,0,10,3.0,,,,,,
236,decile3,numerical,0.0,0,10,2.0,,,,,,
236,fam_inc,categorical,0.0,0,10,4.0,,,,,{},
236,fulltime,categorical,0.0,0,10,1.0,,,,,{},
236,lsat,numerical,100.0,10,10,34.0,1.5,1.5,1.5,0.0,,
236,ugpa,numerical,0.0,0,10,3.0,,,,,,
237,decile1,numerical,0.0,0,10,4.0,,,,,,
237,decile3,numerical,0.0,0,10,3.0,,,,,,
237,fam_inc,categorical,0.0,0,10,3.0,,,,,{},
237,fulltime,categorical,0.0,0,10,2.0,,,,,{},
237,lsat,numerical,100.0,10,10,27.0,5.0,5.0,5.0,0.0,,
237,ugpa,numerical,0.0,0,10,2.7,,,,,,
238,decile1,numerical,0.0,0,10,2.0,,,,,,
238,decile3,numerical,0.0,0,10,1.0,,,,,,
238,fam_inc,categorical,0.0,0,10,3.0,,,,,{},
238,fulltime,categorical,0.0,0,10,1.0,,,,,{},
238,lsat,numerical,0.0,0,10,14.5,,,,,,
238,ugpa,numerical,100.0,10,10,3.2,0.1,0.1,0.1,0.0,,
239,decile1,numerical,0.0,0,10,3.0,,,,,,
239,decile3,numerical,0.0,0,10,1.0,,,,,,
239,fam_inc,categorical,0.0,0,10,3.0,,,,,{},
239,fulltime,categorical,0.0,0,10,2.0,,,,,{},
239,lsat,numerical,100.0,10,10,30.0,7.0,7.0,7.0,0.0,,
239,ugpa,numerical,0.0,0,10,2.7,,,,,,
240,decile1,numerical,0.0,0,10,10.0,,,,,,
240,decile3,numerical,0.0,0,10,10.0,,,,,,
240,fam_inc,categorical,0.0,0,10,4.0,,,,,{},
240,fulltime,categorical,0.0,0,10,1.0,,,,,{},
240,lsat,numerical,100.0,10,10,45.0,-1.0,-1.0,-1.0,0.0,,
240,ugpa,numerical,0.0,0,10,3.4,,,,,,
241,decile1,numerical,0.0,0,10,1.0,,,,,,
241,decile3,numerical,0.0,0,10,1.0,,,,,,
241,fam_inc,categorical,0.0,0,10,1.0,,,,,{},
241,fulltime,categorical,0.0,0,10,1.0,,,,,{},
241,lsat,numerical,100.0,10,10,23.5,1.5,1.5,1.5,0.0,,
241,ugpa,numerical,0.0,0,10,2.3,,,,,,
242,decile1,numerical,0.0,0,10,1.0,,,,,,
242,decile3,numerical,0.0,0,10,1.0,,,,,,
242,fam_inc,categorical,0.0,0,10,4.0,,,,,{},
242,fulltime,categorical,0.0,0,10,1.0,,,,,{},
242,lsat,numerical,100.0,10,10,25.5,2.5,2.5,2.5,0.0,,
242,ugpa,numerical,0.0,0,10,3.0,,,,,,
243,decile1,numerical,0.0,0,10,3.0,,,,,,
243,decile3,numerical,0.0,0,10,2.0,,,,,,
243,fam_inc,categorical,0.0,0,10,4.0,,,,,{},
243,fulltime,categorical,0.0,0,10,1.0,,,,,{},
243,lsat,numerical,100.0,10,10,39.0,1.0,1.0,1.0,0.0,,
243,ugpa,numerical,0.0,0,10,3.3,,,,,,
244,decile1,numerical,0.0,0,10,1.0,,,,,,
244,decile3,numerical,0.0,0,10,1.0,,,,,,
244,fam_inc,categorical,0.0,0,10,4.0,,,,,{},
244,fulltime,categorical,0.0,0,10,1.0,,,,,{},
244,lsat,numerical,100.0,10,10,31.0,-1.0,-1.0,-1.0,0.0,,
244,ugpa,numerical,0.0,0,10,3.2,,,,,,
245,decile1,numerical,0.0,0,10,3.0,,,,,,
245,decile3,numerical,0.0,0,10,1.0,,,,,,
245,fam_inc,categorical,0.0,0,10,4.0,,,,,{},
245,fulltime,categorical,0.0,0,10,1.0,,,,,{},
245,lsat,numerical,0.0,0,10,36.0,,,,,,
245,ugpa,numerical,100.0,10,10,2.8,0.1,0.1,0.1,0.0,,
246,decile1,numerical,0.0,0,10,1.0,,,,,,
246,decile3,numerical,0.0,0,10,1.0,,,,,,
246,fam_inc,categorical,0.0,0,10,3.0,,,,,{},
246,fulltime,categorical,0.0,0,10,1.0,,,,,{},
246,lsat,numerical,100.0,10,10,22.0,0.5,0.5,0.5,0.0,,
246,ugpa,numerical,100.0,10,10,2.5,0.1,0.1,0.1,0.0,,
247,decile1,numerical,0.0,0,10,2.0,,,,,,
247,decile3,numerical,0.0,0,10,1.0,,,,,,
247,fam_inc,categorical,0.0,0,10,2.0,,,,,{},
247,fulltime,categorical,0.0,0,10,1.0,,,,,{},
247,lsat,numerical,100.0,10,10,25.5,2.5,2.5,2.5,0.0,,
247,ugpa,numerical,0.0,0,10,3.1,,,,,,
248,decile1,numerical,0.0,0,10,2.0,,,,,,
248,decile3,numerical,0.0,0,10,2.0,,,,,,
248,fam_inc,categorical,0.0,0,10,3.0,,,,,{},
248,fulltime,categorical,0.0,0,10,1.0,,,,,{},
248,lsat,numerical,100.0,10,10,28.0,1.0,1.0,1.0,0.0,,
248,ugpa,numerical,0.0,0,10,3.6,,,,,,
249,decile1,numerical,0.0,0,10,1.0,,,,,,
249,decile3,numerical,0.0,0,10,1.0,,,,,,
249,fam_inc,categorical,0.0,0,10,2.0,,,,,{},
249,fulltime,categorical,0.0,0,10,1.0,,,,,{},
249,lsat,numerical,100.0,10,10,31.0,-2.0,-2.0,-2.0,0.0,,
249,ugpa,numerical,0.0,0,10,3.2,,,,,,
250,decile1,numerical,0.0,0,10,1.0,,,,,,
250,decile3,numerical,0.0,0,10,1.0,,,,,,
250,fam_inc,categorical,0.0,0,10,4.0,,,,,{},
250,fulltime,categorical,0.0,0,10,1.0,,,,,{},
250,lsat,numerical,100.0,10,10,31.0,1.0,1.0,1.0,0.0,,
250,ugpa,numerical,100.0,10,10,2.7,0.1,0.1,0.1,0.0,,
251,decile1,numerical,0.0,0,10,1.0,,,,,,
251,decile3,numerical,0.0,0,10,1.0,,,,,,
251,fam_inc,categorical,0.0,0,10,4.0,,,,,{},
251,fulltime,categorical,0.0,0,10,1.0,,,,,{},
251,lsat,numerical,100.0,10,10,37.0,1.0,1.0,1.0,0.0,,
251,ugpa,numerical,0.0,0,10,3.1,,,,,,
252,decile1,numerical,0.0,0,10,2.0,,,,,,
252,decile3,numerical,0.0,0,10,1.0,,,,,,
252,fam_inc,categorical,0.0,0,10,3.0,,,,,{},
252,fulltime,categorical,0.0,0,10,2.0,,,,,{},
252,lsat,numerical,100.0,10,10,33.0,-1.0,-1.0,-1.0,0.0,,
252,ugpa,numerical,0.0,0,10,3.7,,,,,,
253,decile1,numerical,0.0,0,10,5.0,,,,,,
253,decile3,numerical,0.0,0,10,6.0,,,,,,
253,fam_inc,categorical,0.0,0,10,3.0,,,,,{},
253,fulltime,categorical,0.0,0,10,1.0,,,,,{},
253,lsat,numerical,100.0,10,10,39.0,-1.0,-1.0,-1.0,0.0,,
253,ugpa,numerical,0.0,0,10,3.6,,,,,,
254,decile1,numerical,0.0,0,10,1.0,,,,,,
254,decile3,numerical,0.0,0,10,1.0,,,,,,
254,fam_inc,categorical,0.0,0,10,2.0,,,,,{},
254,fulltime,categorical,0.0,0,10,1.0,,,,,{},
254,lsat,numerical,100.0,10,10,34.0,1.0,1.0,1.0,0.0,,
254,ugpa,numerical,0.0,0,10,2.4,,,,,,
255,decile1,numerical,0.0,0,10,4.0,,,,,,
255,decile3,numerical,0.0,0,10,3.0,,,,,,
255,fam_inc,categorical,0.0,0,10,3.0,,,,,{},
255,fulltime,categorical,0.0,0,10,1.0,,,,,{},
255,lsat,numerical,100.0,10,10,33.0,1.0,1.0,1.0,0.0,,
255,ugpa,numerical,0.0,0,10,3.9,,,,,,
256,decile1,numerical,0.0,0,10,1.0,,,,,,
256,decile3,numerical,0.0,0,10,1.0,,,,,,
256,fam_inc,categorical,0.0,0,10,2.0,,,,,{},
256,fulltime,categorical,0.0,0,10,1.0,,,,,{},
256,lsat,numerical,100.0,10,10,25.0,-2.0,-2.0,-2.0,0.0,,
256,ugpa,numerical,100.0,10,10,2.6,0.1,0.1,0.1,0.0,,
257,decile1,numerical,0.0,0,10,1.0,,,,,,
257,decile3,numerical,0.0,0,10,1.0,,,,,,
257,fam_inc,categorical,0.0,0,10,3.0,,,,,{},
257,fulltime,categorical,0.0,0,10,1.0,,,,,{},
257,lsat,numerical,100.0,10,10,29.0,-2.0,-2.0,-2.0,0.0,,
257,ugpa,numerical,0.0,0,10,2.7,,,,,,
258,decile1,numerical,0.0,0,10,1.0,,,,,,
258,decile3,numerical,0.0,0,10,1.0,,,,,,
258,fam_inc,categorical,0.0,0,10,3.0,,,,,{},
258,fulltime,categorical,0.0,0,10,1.0,,,,,{},
258,lsat,numerical,100.0,10,10,27.0,-1.0,-1.0,-1.0,0.0,,
258,ugpa,numerical,0.0,0,10,3.1,,,,,,
259,decile1,numerical,0.0,0,10,1.0,,,,,,
259,decile3,numerical,0.0,0,10,1.0,,,,,,
259,fam_inc,categorical,0.0,0,10,2.0,,,,,{},
259,fulltime,categorical,0.0,0,10,1.0,,,,,{},
259,lsat,numerical,100.0,10,10,20.0,1.0,1.0,1.0,0.0,,
259,ugpa,numerical,0.0,0,10,3.0,,,,,,
260,decile1,numerical,0.0,0,10,1.0,,,,,,
260,decile3,numerical,0.0,0,10,1.0,,,,,,
260,fam_inc,categorical,0.0,0,10,3.0,,,,,{},
260,fulltime,categorical,0.0,0,10,1.0,,,,,{},
260,lsat,numerical,100.0,10,10,27.0,1.5,1.5,1.5,0.0,,
260,ugpa,numerical,100.0,10,10,2.5,0.1,0.1,0.1,0.0,,
261,decile1,numerical,0.0,0,10,2.0,,,,,,
261,decile3,numerical,0.0,0,10,1.0,,,,,,
261,fam_inc,categorical,0.0,0,10,4.0,,,,,{},
261,fulltime,categorical,0.0,0,10,1.0,,,,,{},
261,lsat,numerical,0.0,0,10,41.0,,,,,,
261,ugpa,numerical,100.0,10,10,3.5,-0.1,-0.1,-0.1,0.0,,
262,decile1,numerical,0.0,0,10,2.0,,,,,,
262,decile3,numerical,0.0,0,10,1.0,,,,,,
262,fam_inc,categorical,0.0,0,10,3.0,,,,,{},
262,fulltime,categorical,0.0,0,10,1.0,,,,,{},
262,lsat,numerical,0.0,0,10,36.0,,,,,,
262,ugpa,numerical,100.0,10,10,3.0,-0.1,-0.1,-0.1,0.0,,
263,decile1,numerical,0.0,0,10,1.0,,,,,,
263,decile3,numerical,0.0,0,10,1.0,,,,,,
263,fam_inc,categorical,0.0,0,10,3.0,,,,,{},
263,fulltime,categorical,0.0,0,10,1.0,,,,,{},
263,lsat,numerical,0.0,0,10,28.0,,,,,,
263,ugpa,numerical,100.0,10,10,2.5,0.1,0.1,0.1,0.0,,
264,decile1,numerical,0.0,0,10,1.0,,,,,,
264,decile3,numerical,0.0,0,10,1.0,,,,,,
264,fam_inc,categorical,0.0,0,10,3.0,,,,,{},
264,fulltime,categorical,0.0,0,10,2.0,,,,,{},
264,lsat,numerical,100.0,10,10,19.0,8.0,8.0,8.0,0.0,,
264,ugpa,numerical,0.0,0,10,2.4,,,,,,
265,decile1,numerical,0.0,0,10,1.0,,,,,,
265,decile3,numerical,0.0,0,10,1.0,,,,,,
265,fam_inc,categorical,0.0,0,10,3.0,,,,,{},
265,fulltime,categorical,0.0,0,10,1.0,,,,,{},
265,lsat,numerical,100.0,10,10,28.0,-1.0,-1.0,-1.0,0.0,,
265,ugpa,numerical,0.0,0,10,3.8,,,,,,
266,decile1,numerical,0.0,0,10,3.0,,,,,,
266,decile3,numerical,0.0,0,10,3.0,,,,,,
266,fam_inc,categorical,0.0,0,10,3.0,,,,,{},
266,fulltime,categorical,0.0,0,10,1.0,,,,,{},
266,lsat,numerical,100.0,10,10,43.0,-1.0,-1.0,-1.0,0.0,,
266,ugpa,numerical,0.0,0,10,3.0,,,,,,
267,decile1,numerical,0.0,0,10,7.0,,,,,,
267,decile3,numerical,0.0,0,10,7.0,,,,,,
267,fam_inc,categorical,0.0,0,10,4.0,,,,,{},
267,fulltime,categorical,0.0,0,10,1.0,,,,,{},
267,lsat,numerical,0.0,0,10,40.0,,,,,,
267,ugpa,numerical,100.0,10,10,2.6,-0.1,-0.1,-0.1,0.0,,
268,decile1,numerical,0.0,0,10,1.0,,,,,,
268,decile3,numerical,0.0,0,10,1.0,,,,,,
268,fam_inc,categorical,0.0,0,10,3.0,,,,,{},
268,fulltime,categorical,0.0,0,10,1.0,,,,,{},
268,lsat,numerical,0.0,0,10,22.7,,,,,,
268,ugpa,numerical,100.0,10,10,2.5,0.1,0.1,0.1,0.0,,
269,decile1,numerical,0.0,0,10,5.0,,,,,,
269,decile3,numerical,0.0,0,10,4.0,,,,,,
269,fam_inc,categorical,0.0,0,10,3.0,,,,,{},
269,fulltime,categorical,0.0,0,10,2.0,,,,,{},
269,lsat,numerical,100.0,10,10,33.5,3.5,3.5,3.5,0.0,,
269,ugpa,numerical,0.0,0,10,3.3,,,,,,
270,decile1,numerical,0.0,0,10,2.0,,,,,,
270,decile3,numerical,0.0,0,10,2.0,,,,,,
270,fam_inc,categorical,0.0,0,10,2.0,,,,,{},
270,fulltime,categorical,0.0,0,10,1.0,,,,,{},
270,lsat,numerical,100.0,10,10,28.0,2.0,2.0,2.0,0.0,,
270,ugpa,numerical,0.0,0,10,3.3,,,,,,
271,decile1,numerical,0.0,0,10,5.0,,,,,,
271,decile3,numerical,0.0,0,10,2.0,,,,,,
271,fam_inc,categorical,0.0,0,10,3.0,,,,,{},
271,fulltime,categorical,0.0,0,10,1.0,,,,,{},
271,lsat,numerical,0.0,0,10,40.0,,,,,,
271,ugpa,numerical,100.0,10,10,3.0,-0.1,-0.1,-0.1,0.0,,
272,decile1,numerical,0.0,0,10,1.0,,,,,,
272,decile3,numerical,0.0,0,10,2.0,,,,,,
272,fam_inc,categorical,0.0,0,10,3.0,,,,,{},
272,fulltime,categorical,0.0,0,10,1.0,,,,,{},
272,lsat,numerical,0.0,0,10,35.5,,,,,,
272,ugpa,numerical,100.0,10,10,2.8,-0.1,-0.1,-0.1,0.0,,
273,decile1,numerical,0.0,0,10,1.0,,,,,,
273,decile3,numerical,0.0,0,10,1.0,,,,,,
273,fam_inc,categorical,0.0,0,10,4.0,,,,,{},
273,fulltime,categorical,0.0,0,10,1.0,,,,,{},
273,lsat,numerical,0.0,0,10,36.0,,,,,,
273,ugpa,numerical,100.0,10,10,2.9,0.1,0.1,0.1,0.0,,
274,decile1,numerical,0.0,0,10,5.0,,,,,,
274,decile3,numerical,0.0,0,10,3.0,,,,,,
274,fam_inc,categorical,0.0,0,10,3.0,,,,,{},
274,fulltime,categorical,0.0,0,10,1.0,,,,,{},
274,lsat,numerical,100.0,10,10,25.0,3.3,3.3,3.3,0.0,,
274,ugpa,numerical,0.0,0,10,2.4,,,,,,
275,decile1,numerical,0.0,0,10,1.0,,,,,,
275,decile3,numerical,0.0,0,10,1.0,,,,,,
275,fam_inc,categorical,0.0,0,10,1.0,,,,,{},
275,fulltime,categorical,0.0,0,10,1.0,,,,,{},
275,lsat,numerical,100.0,10,10,19.0,6.5,6.5,6.5,0.0,,
275,ugpa,numerical,100.0,10,10,3.0,-0.2,-0.2,-0.2,0.0,,
276,decile1,numerical,0.0,0,10,1.0,,,,,,
276,decile3,numerical,0.0,0,10,2.0,,,,,,
276,fam_inc,categorical,0.0,0,10,3.0,,,,,{},
276,fulltime,categorical,0.0,0,10,1.0,,,,,{},
276,lsat,numerical,0.0,0,10,26.0,,,,,,
276,ugpa,numerical,100.0,10,10,3.5,0.1,0.1,0.1,0.0,,
277,decile1,numerical,0.0,0,10,8.0,,,,,,
277,decile3,numerical,0.0,0,10,9.0,,,,,,
277,fam_inc,categorical,0.0,0,10,4.0,,,,,{},
277,fulltime,categorical,0.0,0,10,1.0,,,,,{},
277,lsat,numerical,100.0,10,10,42.0,1.0,1.0,1.0,0.0,,
277,ugpa,numerical,0.0,0,10,3.4,,,,,,
278,decile1,numerical,0.0,0,10,2.0,,,,,,
278,decile3,numerical,0.0,0,10,1.0,,,,,,
278,fam_inc,categorical,0.0,0,10,3.0,,,,,{},
278,fulltime,categorical,0.0,0,10,1.0,,,,,{},
278,lsat,numerical,100.0,10,10,27.0,0.5,0.5,0.5,0.0,,
278,ugpa,numerical,0.0,0,10,3.0,,,,,,
279,decile1,numerical,0.0,0,10,2.0,,,,,,
279,decile3,numerical,0.0,0,10,3.0,,,,,,
279,fam_inc,categorical,0.0,0,10,4.0,,,,,{},
279,fulltime,categorical,0.0,0,10,1.0,,,,,{},
279,lsat,numerical,100.0,10,10,36.0,-1.0,-1.0,-1.0,0.0,,
279,ugpa,numerical,0.0,0,10,3.0,,,,,,
280,decile1,numerical,0.0,0,10,1.0,,,,,,
280,decile3,numerical,0.0,0,10,1.0,,,,,,
280,fam_inc,categorical,0.0,0,10,3.0,,,,,{},
280,fulltime,categorical,0.0,0,10,1.0,,,,,{},
280,lsat,numerical,100.0,10,10,34.0,1.3,1.3,1.3,0.0,,
280,ugpa,numerical,0.0,0,10,3.1,,,,,,
281,decile1,numerical,0.0,0,10,1.0,,,,,,
281,decile3,numerical,0.0,0,10,1.0,,,,,,
281,fam_inc,categorical,0.0,0,10,2.0,,,,,{},
281,fulltime,categorical,0.0,0,10,1.0,,,,,{},
281,lsat,numerical,0.0,0,10,36.0,,,,,,
281,ugpa,numerical,100.0,10,10,2.5,-0.1,-0.1,-0.1,0.0,,
282,decile1,numerical,0.0,0,10,1.0,,,,,,
282,decile3,numerical,0.0,0,10,1.0,,,,,,
282,fam_inc,categorical,0.0,0,10,3.0,,,,,{},
282,fulltime,categorical,0.0,0,10,1.0,,,,,{},
282,lsat,numerical,100.0,10,10,34.0,0.5,0.5,0.5,0.0,,
282,ugpa,numerical,0.0,0,10,2.9,,,,,,
283,decile1,numerical,0.0,0,10,4.0,,,,,,
283,decile3,numerical,0.0,0,10,1.0,,,,,,
283,fam_inc,categorical,0.0,0,10,4.0,,,,,{},
283,fulltime,categorical,0.0,0,10,2.0,,,,,{},
283,lsat,numerical,100.0,10,10,30.0,5.0,5.0,5.0,0.0,,
283,ugpa,numerical,0.0,0,10,2.4,,,,,,
284,decile1,numerical,0.0,0,10,2.0,,,,,,
284,decile3,numerical,0.0,0,10,4.0,,,,,,
284,fam_inc,categorical,0.0,0,10,3.0,,,,,{},
284,fulltime,categorical,0.0,0,10,1.0,,,,,{},
284,lsat,numerical,100.0,10,10,35.0,2.0,2.0,2.0,0.0,,
284,ugpa,numerical,0.0,0,10,3.5,,,,,,
285,decile1,numerical,0.0,0,10,1.0,,,,,,
285,decile3,numerical,0.0,0,10,1.0,,,,,,
285,fam_inc,categorical,0.0,0,10,2.0,,,,,{},
285,fulltime,categorical,0.0,0,10,1.0,,,,,{},
285,lsat,numerical,100.0,10,10,33.0,0.5,0.5,0.5,0.0,,
285,ugpa,numerical,0.0,0,10,3.0,,,,,,
286,decile1,numerical,0.0,0,10,1.0,,,,,,
286,decile3,numerical,0.0,0,10,2.0,,,,,,
286,fam_inc,categorical,0.0,0,10,3.0,,,,,{},
286,fulltime,categorical,0.0,0,10,1.0,,,,,{},
286,lsat,numerical,100.0,10,10,32.0,-2.5,-2.5,-2.5,0.0,,
286,ugpa,numerical,0.0,0,10,3.4,,,,,,
287,decile1,numerical,0.0,0,10,2.0,,,,,,
287,decile3,numerical,0.0,0,10,2.0,,,,,,
287,fam_inc,categorical,0.0,0,10,3.0,,,,,{},
287,fulltime,categorical,0.0,0,10,1.0,,,,,{},
287,lsat,numerical,100.0,10,10,32.0,-0.5,-0.5,-0.5,0.0,,
287,ugpa,numerical,0.0,0,10,3.0,,,,,,
288,decile1,numerical,0.0,0,10,2.0,,,,,,
288,decile3,numerical,0.0,0,10,1.0,,,,,,
288,fam_inc,categorical,0.0,0,10,4.0,,,,,{},
288,fulltime,categorical,0.0,0,10,1.0,,,,,{},
288,lsat,numerical,100.0,10,10,31.0,1.0,1.0,1.0,0.0,,
288,ugpa,numerical,0.0,0,10,3.2,,,,,,
289,decile1,numerical,0.0,0,10,3.0,,,,,,
289,decile3,numerical,0.0,0,10,2.0,,,,,,
289,fam_inc,categorical,0.0,0,10,4.0,,,,,{},
289,fulltime,categorical,0.0,0,10,1.0,,,,,{},
289,lsat,numerical,0.0,0,10,36.0,,,,,,
289,ugpa,numerical,100.0,10,10,3.5,0.1,0.1,0.1,0.0,,
290,decile1,numerical,0.0,0,10,1.0,,,,,,
290,decile3,numerical,0.0,0,10,1.0,,,,,,
290,fam_inc,categorical,0.0,0,10,4.0,,,,,{},
290,fulltime,categorical,0.0,0,10,1.0,,,,,{},
290,lsat,numerical,100.0,10,10,37.0,-2.0,-2.0,-2.0,0.0,,
290,ugpa,numerical,0.0,0,10,2.7,,,,,,
291,decile1,numerical,0.0,0,10,1.0,,,,,,
291,decile3,numerical,0.0,0,10,1.0,,,,,,
291,fam_inc,categorical,0.0,0,10,3.0,,,,,{},
291,fulltime,categorical,0.0,0,10,1.0,,,,,{},
291,lsat,numerical,100.0,10,10,26.0,2.0,2.0,2.0,0.0,,
291,ugpa,numerical,0.0,0,10,3.3,,,,,,
292,decile1,numerical,0.0,0,10,1.0,,,,,,
292,decile3,numerical,0.0,0,10,1.0,,,,,,
292,fam_inc,categorical,0.0,0,10,3.0,,,,,{},
292,fulltime,categorical,0.0,0,10,1.0,,,,,{},
292,lsat,numerical,100.0,10,10,27.0,1.0,1.0,1.0,0.0,,
292,ugpa,numerical,100.0,10,10,3.2,0.1,0.1,0.1,0.0,,
293,decile1,numerical,0.0,0,10,2.0,,,,,,
293,decile3,numerical,0.0,0,10,2.0,,,,,,
293,fam_inc,categorical,0.0,0,10,4.0,,,,,{},
293,fulltime,categorical,0.0,0,10,1.0,,,,,{},
293,lsat,numerical,100.0,10,10,31.0,1.0,1.0,1.0,0.0,,
293,ugpa,numerical,0.0,0,10,2.9,,,,,,
294,decile1,numerical,0.0,0,10,1.0,,,,,,
294,decile3,numerical,0.0,0,10,1.0,,,,,,
294,fam_inc,categorical,0.0,0,10,3.0,,,,,{},
294,fulltime,categorical,0.0,0,10,1.0,,,,,{},
294,lsat,numerical,0.0,0,10,31.0,,,,,,
294,ugpa,numerical,100.0,10,10,2.7,0.2,0.2,0.2,0.0,,
295,decile1,numerical,0.0,0,10,5.0,,,,,,
295,decile3,numerical,0.0,0,10,5.0,,,,,,
295,fam_inc,categorical,0.0,0,10,4.0,,,,,{},
295,fulltime,categorical,0.0,0,10,1.0,,,,,{},
295,lsat,numerical,100.0,10,10,23.0,6.0,6.0,6.0,0.0,,
295,ugpa,numerical,0.0,0,10,2.3,,,,,,
296,decile1,numerical,0.0,0,10,4.0,,,,,,
296,decile3,numerical,0.0,0,10,3.0,,,,,,
296,fam_inc,categorical,0.0,0,10,5.0,,,,,{},
296,fulltime,categorical,0.0,0,10,1.0,,,,,{},
296,lsat,numerical,100.0,10,10,26.0,6.5,6.5,6.5,0.0,,
296,ugpa,numerical,0.0,0,10,2.8,,,,,,
297,decile1,numerical,0.0,0,10,1.0,,,,,,
297,decile3,numerical,0.0,0,10,1.0,,,,,,
297,fam_inc,categorical,0.0,0,10,1.0,,,,,{},
297,fulltime,categorical,0.0,0,10,1.0,,,,,{},
297,lsat,numerical,100.0,10,10,33.0,-2.0,-2.0,-2.0,0.0,,
297,ugpa,numerical,0.0,0,10,3.1,,,,,,
298,decile1,numerical,0.0,0,10,5.0,,,,,,
298,decile3,numerical,0.0,0,10,7.0,,,,,,
298,fam_inc,categorical,0.0,0,10,4.0,,,,,{},
298,fulltime,categorical,0.0,0,10,1.0,,,,,{},
298,lsat,numerical,0.0,0,10,37.0,,,,,,
298,ugpa,numerical,100.0,10,10,3.1,0.1,0.1,0.1,0.0,,
299,decile1,numerical,0.0,0,10,3.0,,,,,,
299,decile3,numerical,0.0,0,10,2.0,,,,,,
299,fam_inc,categorical,0.0,0,10,3.0,,,,,{},
299,fulltime,categorical,0.0,0,10,1.0,,,,,{},
299,lsat,numerical,100.0,10,10,25.0,1.0,1.0,1.0,0.0,,
299,ugpa,numerical,0.0,0,10,3.1,,,,,,
300,decile1,numerical,0.0,0,10,1.0,,,,,,
300,decile3,numerical,0.0,0,10,1.0,,,,,,
300,fam_inc,categorical,0.0,0,10,4.0,,,,,{},
300,fulltime,categorical,0.0,0,10,1.0,,,,,{},
300,lsat,numerical,100.0,10,10,38.0,1.0,1.0,1.0,0.0,,
300,ugpa,numerical,0.0,0,10,3.5,,,,,,
301,decile1,numerical,0.0,0,10,1.0,,,,,,
301,decile3,numerical,0.0,0,10,1.0,,,,,,
301,fam_inc,categorical,0.0,0,10,3.0,,,,,{},
301,fulltime,categorical,0.0,0,10,1.0,,,,,{},
301,lsat,numerical,0.0,0,10,23.0,,,,,,
301,ugpa,numerical,100.0,10,10,2.7,-0.1,-0.1,-0.1,0.0,,
302,decile1,numerical,0.0,0,10,1.0,,,,,,
302,decile3,numerical,0.0,0,10,1.0,,,,,,
302,fam_inc,categorical,0.0,0,10,1.0,,,,,{},
302,fulltime,categorical,0.0,0,10,1.0,,,,,{},
302,lsat,numerical,0.0,0,10,40.0,,,,,,
302,ugpa,numerical,100.0,10,10,2.2,0.7,0.7,0.7,0.0,,
303,decile1,numerical,0.0,0,10,1.0,,,,,,
303,decile3,numerical,0.0,0,10,1.0,,,,,,
303,fam_inc,categorical,0.0,0,10,4.0,,,,,{},
303,fulltime,categorical,0.0,0,10,1.0,,,,,{},
303,lsat,numerical,0.0,0,10,36.0,,,,,,
303,ugpa,numerical,100.0,10,10,2.5,-0.1,-0.1,-0.1,0.0,,
304,decile1,numerical,0.0,0,10,5.0,,,,,,
304,decile3,numerical,0.0,0,10,4.0,,,,,,
304,fam_inc,categorical,0.0,0,10,3.0,,,,,{},
304,fulltime,categorical,0.0,0,10,2.0,,,,,{},
304,lsat,numerical,0.0,0,10,34.0,,,,,,
304,ugpa,numerical,100.0,10,10,3.3,-0.5,-0.5,-0.5,0.0,,
305,decile1,numerical,0.0,0,10,1.0,,,,,,
305,decile3,numerical,0.0,0,10,1.0,,,,,,
305,fam_inc,categorical,0.0,0,10,3.0,,,,,{},
305,fulltime,categorical,0.0,0,10,1.0,,,,,{},
305,lsat,numerical,100.0,10,10,28.0,-1.0,-1.0,-1.0,0.0,,
305,ugpa,numerical,0.0,0,10,2.9,,,,,,
306,decile1,numerical,0.0,0,10,1.0,,,,,,
306,decile3,numerical,0.0,0,10,1.0,,,,,,
306,fam_inc,categorical,0.0,0,10,2.0,,,,,{},
306,fulltime,categorical,0.0,0,10,1.0,,,,,{},
306,lsat,numerical,100.0,10,10,19.3,2.7,2.7,2.7,0.0,,
306,ugpa,numerical,0.0,0,10,3.2,,,,,,
307,decile1,numerical,0.0,0,10,5.0,,,,,,
307,decile3,numerical,0.0,0,10,3.0,,,,,,
307,fam_inc,categorical,0.0,0,10,3.0,,,,,{},
307,fulltime,categorical,0.0,0,10,1.0,,,,,{},
307,lsat,numerical,100.0,10,10,41.0,1.0,1.0,1.0,0.0,,
307,ugpa,numerical,0.0,0,10,3.3,,,,,,
